"";"id";"date";"store_nbr";"family";"sales";"onpromotion"
"202";201;"2013-01-01";15;"BEVERAGES";0;0
"1984";1983;"2013-01-02";15;"BEVERAGES";938;0
"3766";3765;"2013-01-03";15;"BEVERAGES";701;0
"5548";5547;"2013-01-04";15;"BEVERAGES";809;0
"7330";7329;"2013-01-05";15;"BEVERAGES";868;0
"9112";9111;"2013-01-06";15;"BEVERAGES";867;0
"10894";10893;"2013-01-07";15;"BEVERAGES";682;0
"12676";12675;"2013-01-08";15;"BEVERAGES";587;0
"14458";14457;"2013-01-09";15;"BEVERAGES";522;0
"16240";16239;"2013-01-10";15;"BEVERAGES";607;0
"18022";18021;"2013-01-11";15;"BEVERAGES";676;0
"19804";19803;"2013-01-12";15;"BEVERAGES";808;0
"21586";21585;"2013-01-13";15;"BEVERAGES";624;0
"23368";23367;"2013-01-14";15;"BEVERAGES";619;0
"25150";25149;"2013-01-15";15;"BEVERAGES";445;0
"26932";26931;"2013-01-16";15;"BEVERAGES";570;0
"28714";28713;"2013-01-17";15;"BEVERAGES";552;0
"30496";30495;"2013-01-18";15;"BEVERAGES";404;0
"32278";32277;"2013-01-19";15;"BEVERAGES";729;0
"34060";34059;"2013-01-20";15;"BEVERAGES";616;0
"35842";35841;"2013-01-21";15;"BEVERAGES";707;0
"37624";37623;"2013-01-22";15;"BEVERAGES";687;0
"39406";39405;"2013-01-23";15;"BEVERAGES";597;0
"41188";41187;"2013-01-24";15;"BEVERAGES";432;0
"42970";42969;"2013-01-25";15;"BEVERAGES";483;0
"44752";44751;"2013-01-26";15;"BEVERAGES";861;0
"46534";46533;"2013-01-27";15;"BEVERAGES";615;0
"48316";48315;"2013-01-28";15;"BEVERAGES";629;0
"50098";50097;"2013-01-29";15;"BEVERAGES";403;0
"51880";51879;"2013-01-30";15;"BEVERAGES";474;0
"53662";53661;"2013-01-31";15;"BEVERAGES";498;0
"55444";55443;"2013-02-01";15;"BEVERAGES";590;0
"57226";57225;"2013-02-02";15;"BEVERAGES";748;0
"59008";59007;"2013-02-03";15;"BEVERAGES";554;0
"60790";60789;"2013-02-04";15;"BEVERAGES";529;0
"62572";62571;"2013-02-05";15;"BEVERAGES";454;0
"64354";64353;"2013-02-06";15;"BEVERAGES";337;0
"66136";66135;"2013-02-07";15;"BEVERAGES";470;0
"67918";67917;"2013-02-08";15;"BEVERAGES";566;0
"69700";69699;"2013-02-09";15;"BEVERAGES";479;0
"71482";71481;"2013-02-10";15;"BEVERAGES";459;0
"73264";73263;"2013-02-11";15;"BEVERAGES";517;0
"75046";75045;"2013-02-12";15;"BEVERAGES";315;0
"76828";76827;"2013-02-13";15;"BEVERAGES";433;0
"78610";78609;"2013-02-14";15;"BEVERAGES";636;0
"80392";80391;"2013-02-15";15;"BEVERAGES";635;0
"82174";82173;"2013-02-16";15;"BEVERAGES";721;0
"83956";83955;"2013-02-17";15;"BEVERAGES";642;0
"85738";85737;"2013-02-18";15;"BEVERAGES";657;0
"87520";87519;"2013-02-19";15;"BEVERAGES";536;0
"89302";89301;"2013-02-20";15;"BEVERAGES";609;0
"91084";91083;"2013-02-21";15;"BEVERAGES";612;0
"92866";92865;"2013-02-22";15;"BEVERAGES";634;0
"94648";94647;"2013-02-23";15;"BEVERAGES";684;0
"96430";96429;"2013-02-24";15;"BEVERAGES";692;0
"98212";98211;"2013-02-25";15;"BEVERAGES";679;0
"99994";99993;"2013-02-26";15;"BEVERAGES";408;0
"101776";101775;"2013-02-27";15;"BEVERAGES";560;0
"103558";103557;"2013-02-28";15;"BEVERAGES";490;0
"105340";105339;"2013-03-01";15;"BEVERAGES";561;0
"107122";107121;"2013-03-02";15;"BEVERAGES";684;0
"108904";108903;"2013-03-03";15;"BEVERAGES";646;0
"110686";110685;"2013-03-04";15;"BEVERAGES";757;0
"112468";112467;"2013-03-05";15;"BEVERAGES";472;0
"114250";114249;"2013-03-06";15;"BEVERAGES";569;0
"116032";116031;"2013-03-07";15;"BEVERAGES";810;0
"117814";117813;"2013-03-08";15;"BEVERAGES";518;0
"119596";119595;"2013-03-09";15;"BEVERAGES";687;0
"121378";121377;"2013-03-10";15;"BEVERAGES";639;0
"123160";123159;"2013-03-11";15;"BEVERAGES";603;0
"124942";124941;"2013-03-12";15;"BEVERAGES";556;0
"126724";126723;"2013-03-13";15;"BEVERAGES";512;0
"128506";128505;"2013-03-14";15;"BEVERAGES";421;0
"130288";130287;"2013-03-15";15;"BEVERAGES";553;0
"132070";132069;"2013-03-16";15;"BEVERAGES";585;0
"133852";133851;"2013-03-17";15;"BEVERAGES";530;0
"135634";135633;"2013-03-18";15;"BEVERAGES";701;0
"137416";137415;"2013-03-19";15;"BEVERAGES";452;0
"139198";139197;"2013-03-20";15;"BEVERAGES";594;0
"140980";140979;"2013-03-21";15;"BEVERAGES";442;0
"142762";142761;"2013-03-22";15;"BEVERAGES";516;0
"144544";144543;"2013-03-23";15;"BEVERAGES";597;0
"146326";146325;"2013-03-24";15;"BEVERAGES";623;0
"148108";148107;"2013-03-25";15;"BEVERAGES";577;0
"149890";149889;"2013-03-26";15;"BEVERAGES";711;0
"151672";151671;"2013-03-27";15;"BEVERAGES";466;0
"153454";153453;"2013-03-28";15;"BEVERAGES";526;0
"155236";155235;"2013-03-29";15;"BEVERAGES";457;0
"157018";157017;"2013-03-30";15;"BEVERAGES";842;0
"158800";158799;"2013-03-31";15;"BEVERAGES";492;0
"160582";160581;"2013-04-01";15;"BEVERAGES";736;0
"162364";162363;"2013-04-02";15;"BEVERAGES";549;0
"164146";164145;"2013-04-03";15;"BEVERAGES";938;0
"165928";165927;"2013-04-04";15;"BEVERAGES";723;0
"167710";167709;"2013-04-05";15;"BEVERAGES";595;0
"169492";169491;"2013-04-06";15;"BEVERAGES";873;0
"171274";171273;"2013-04-07";15;"BEVERAGES";561;0
"173056";173055;"2013-04-08";15;"BEVERAGES";580;0
"174838";174837;"2013-04-09";15;"BEVERAGES";545;0
"176620";176619;"2013-04-10";15;"BEVERAGES";624;0
"178402";178401;"2013-04-11";15;"BEVERAGES";695;0
"180184";180183;"2013-04-12";15;"BEVERAGES";566;0
"181966";181965;"2013-04-13";15;"BEVERAGES";601;0
"183748";183747;"2013-04-14";15;"BEVERAGES";703;0
"185530";185529;"2013-04-15";15;"BEVERAGES";599;0
"187312";187311;"2013-04-16";15;"BEVERAGES";836;0
"189094";189093;"2013-04-17";15;"BEVERAGES";517;0
"190876";190875;"2013-04-18";15;"BEVERAGES";583;0
"192658";192657;"2013-04-19";15;"BEVERAGES";526;0
"194440";194439;"2013-04-20";15;"BEVERAGES";828;0
"196222";196221;"2013-04-21";15;"BEVERAGES";515;0
"198004";198003;"2013-04-22";15;"BEVERAGES";776;0
"199786";199785;"2013-04-23";15;"BEVERAGES";451;0
"201568";201567;"2013-04-24";15;"BEVERAGES";514;0
"203350";203349;"2013-04-25";15;"BEVERAGES";687;0
"205132";205131;"2013-04-26";15;"BEVERAGES";616;0
"206914";206913;"2013-04-27";15;"BEVERAGES";983;0
"208696";208695;"2013-04-28";15;"BEVERAGES";925;0
"210478";210477;"2013-04-29";15;"BEVERAGES";767;0
"212260";212259;"2013-04-30";15;"BEVERAGES";604;0
"214042";214041;"2013-05-01";15;"BEVERAGES";676;0
"215824";215823;"2013-05-02";15;"BEVERAGES";654;0
"217606";217605;"2013-05-03";15;"BEVERAGES";527;0
"219388";219387;"2013-05-04";15;"BEVERAGES";739;0
"221170";221169;"2013-05-05";15;"BEVERAGES";838;0
"222952";222951;"2013-05-06";15;"BEVERAGES";677;0
"224734";224733;"2013-05-07";15;"BEVERAGES";564;0
"226516";226515;"2013-05-08";15;"BEVERAGES";602;0
"228298";228297;"2013-05-09";15;"BEVERAGES";597;0
"230080";230079;"2013-05-10";15;"BEVERAGES";628;0
"231862";231861;"2013-05-11";15;"BEVERAGES";809;0
"233644";233643;"2013-05-12";15;"BEVERAGES";765;0
"235426";235425;"2013-05-13";15;"BEVERAGES";579;0
"237208";237207;"2013-05-14";15;"BEVERAGES";778;0
"238990";238989;"2013-05-15";15;"BEVERAGES";589;0
"240772";240771;"2013-05-16";15;"BEVERAGES";579;0
"242554";242553;"2013-05-17";15;"BEVERAGES";616;0
"244336";244335;"2013-05-18";15;"BEVERAGES";786;0
"246118";246117;"2013-05-19";15;"BEVERAGES";685;0
"247900";247899;"2013-05-20";15;"BEVERAGES";558;0
"249682";249681;"2013-05-21";15;"BEVERAGES";426;0
"251464";251463;"2013-05-22";15;"BEVERAGES";576;0
"253246";253245;"2013-05-23";15;"BEVERAGES";610;0
"255028";255027;"2013-05-24";15;"BEVERAGES";725;0
"256810";256809;"2013-05-25";15;"BEVERAGES";1114;0
"258592";258591;"2013-05-26";15;"BEVERAGES";725;0
"260374";260373;"2013-05-27";15;"BEVERAGES";657;0
"262156";262155;"2013-05-28";15;"BEVERAGES";568;0
"263938";263937;"2013-05-29";15;"BEVERAGES";544;0
"265720";265719;"2013-05-30";15;"BEVERAGES";638;0
"267502";267501;"2013-05-31";15;"BEVERAGES";512;0
"269284";269283;"2013-06-01";15;"BEVERAGES";923;0
"271066";271065;"2013-06-02";15;"BEVERAGES";844;0
"272848";272847;"2013-06-03";15;"BEVERAGES";931;0
"274630";274629;"2013-06-04";15;"BEVERAGES";594;0
"276412";276411;"2013-06-05";15;"BEVERAGES";733;0
"278194";278193;"2013-06-06";15;"BEVERAGES";564;0
"279976";279975;"2013-06-07";15;"BEVERAGES";654;0
"281758";281757;"2013-06-08";15;"BEVERAGES";930;0
"283540";283539;"2013-06-09";15;"BEVERAGES";776;0
"285322";285321;"2013-06-10";15;"BEVERAGES";664;0
"287104";287103;"2013-06-11";15;"BEVERAGES";552;0
"288886";288885;"2013-06-12";15;"BEVERAGES";747;0
"290668";290667;"2013-06-13";15;"BEVERAGES";795;0
"292450";292449;"2013-06-14";15;"BEVERAGES";731;0
"294232";294231;"2013-06-15";15;"BEVERAGES";936;0
"296014";296013;"2013-06-16";15;"BEVERAGES";729;0
"297796";297795;"2013-06-17";15;"BEVERAGES";667;0
"299578";299577;"2013-06-18";15;"BEVERAGES";664;0
"301360";301359;"2013-06-19";15;"BEVERAGES";610;0
"303142";303141;"2013-06-20";15;"BEVERAGES";747;0
"304924";304923;"2013-06-21";15;"BEVERAGES";621;0
"306706";306705;"2013-06-22";15;"BEVERAGES";1022;0
"308488";308487;"2013-06-23";15;"BEVERAGES";811;0
"310270";310269;"2013-06-24";15;"BEVERAGES";626;0
"312052";312051;"2013-06-25";15;"BEVERAGES";755;0
"313834";313833;"2013-06-26";15;"BEVERAGES";537;0
"315616";315615;"2013-06-27";15;"BEVERAGES";456;0
"317398";317397;"2013-06-28";15;"BEVERAGES";714;0
"319180";319179;"2013-06-29";15;"BEVERAGES";1156;0
"320962";320961;"2013-06-30";15;"BEVERAGES";745;0
"322744";322743;"2013-07-01";15;"BEVERAGES";680;0
"324526";324525;"2013-07-02";15;"BEVERAGES";727;0
"326308";326307;"2013-07-03";15;"BEVERAGES";620;0
"328090";328089;"2013-07-04";15;"BEVERAGES";611;0
"329872";329871;"2013-07-05";15;"BEVERAGES";554;0
"331654";331653;"2013-07-06";15;"BEVERAGES";889;0
"333436";333435;"2013-07-07";15;"BEVERAGES";624;0
"335218";335217;"2013-07-08";15;"BEVERAGES";682;0
"337000";336999;"2013-07-09";15;"BEVERAGES";466;0
"338782";338781;"2013-07-10";15;"BEVERAGES";576;0
"340564";340563;"2013-07-11";15;"BEVERAGES";549;0
"342346";342345;"2013-07-12";15;"BEVERAGES";705;0
"344128";344127;"2013-07-13";15;"BEVERAGES";653;0
"345910";345909;"2013-07-14";15;"BEVERAGES";529;0
"347692";347691;"2013-07-15";15;"BEVERAGES";615;0
"349474";349473;"2013-07-16";15;"BEVERAGES";463;0
"351256";351255;"2013-07-17";15;"BEVERAGES";414;0
"353038";353037;"2013-07-18";15;"BEVERAGES";588;0
"354820";354819;"2013-07-19";15;"BEVERAGES";479;0
"356602";356601;"2013-07-20";15;"BEVERAGES";627;0
"358384";358383;"2013-07-21";15;"BEVERAGES";517;0
"360166";360165;"2013-07-22";15;"BEVERAGES";545;0
"361948";361947;"2013-07-23";15;"BEVERAGES";588;0
"363730";363729;"2013-07-24";15;"BEVERAGES";557;0
"365512";365511;"2013-07-25";15;"BEVERAGES";561;0
"367294";367293;"2013-07-26";15;"BEVERAGES";750;0
"369076";369075;"2013-07-27";15;"BEVERAGES";683;0
"370858";370857;"2013-07-28";15;"BEVERAGES";512;0
"372640";372639;"2013-07-29";15;"BEVERAGES";629;0
"374422";374421;"2013-07-30";15;"BEVERAGES";455;0
"376204";376203;"2013-07-31";15;"BEVERAGES";1326;0
"377986";377985;"2013-08-01";15;"BEVERAGES";674;0
"379768";379767;"2013-08-02";15;"BEVERAGES";636;0
"381550";381549;"2013-08-03";15;"BEVERAGES";671;0
"383332";383331;"2013-08-04";15;"BEVERAGES";511;0
"385114";385113;"2013-08-05";15;"BEVERAGES";815;0
"386896";386895;"2013-08-06";15;"BEVERAGES";618;0
"388678";388677;"2013-08-07";15;"BEVERAGES";543;0
"390460";390459;"2013-08-08";15;"BEVERAGES";537;0
"392242";392241;"2013-08-09";15;"BEVERAGES";840;0
"394024";394023;"2013-08-10";15;"BEVERAGES";3002;0
"395806";395805;"2013-08-11";15;"BEVERAGES";640;0
"397588";397587;"2013-08-12";15;"BEVERAGES";626;0
"399370";399369;"2013-08-13";15;"BEVERAGES";474;0
"401152";401151;"2013-08-14";15;"BEVERAGES";588;0
"402934";402933;"2013-08-15";15;"BEVERAGES";605;0
"404716";404715;"2013-08-16";15;"BEVERAGES";3012;0
"406498";406497;"2013-08-17";15;"BEVERAGES";802;0
"408280";408279;"2013-08-18";15;"BEVERAGES";600;0
"410062";410061;"2013-08-19";15;"BEVERAGES";763;0
"411844";411843;"2013-08-20";15;"BEVERAGES";1459;0
"413626";413625;"2013-08-21";15;"BEVERAGES";596;0
"415408";415407;"2013-08-22";15;"BEVERAGES";871;0
"417190";417189;"2013-08-23";15;"BEVERAGES";661;0
"418972";418971;"2013-08-24";15;"BEVERAGES";767;0
"420754";420753;"2013-08-25";15;"BEVERAGES";396;0
"422536";422535;"2013-08-26";15;"BEVERAGES";521;0
"424318";424317;"2013-08-27";15;"BEVERAGES";591;0
"426100";426099;"2013-08-28";15;"BEVERAGES";455;0
"427882";427881;"2013-08-29";15;"BEVERAGES";381;0
"429664";429663;"2013-08-30";15;"BEVERAGES";788;0
"431446";431445;"2013-08-31";15;"BEVERAGES";743;0
"433228";433227;"2013-09-01";15;"BEVERAGES";726;0
"435010";435009;"2013-09-02";15;"BEVERAGES";895;0
"436792";436791;"2013-09-03";15;"BEVERAGES";639;0
"438574";438573;"2013-09-04";15;"BEVERAGES";520;0
"440356";440355;"2013-09-05";15;"BEVERAGES";512;0
"442138";442137;"2013-09-06";15;"BEVERAGES";631;0
"443920";443919;"2013-09-07";15;"BEVERAGES";987;0
"445702";445701;"2013-09-08";15;"BEVERAGES";706;0
"447484";447483;"2013-09-09";15;"BEVERAGES";608;0
"449266";449265;"2013-09-10";15;"BEVERAGES";788;0
"451048";451047;"2013-09-11";15;"BEVERAGES";465;0
"452830";452829;"2013-09-12";15;"BEVERAGES";538;0
"454612";454611;"2013-09-13";15;"BEVERAGES";713;0
"456394";456393;"2013-09-14";15;"BEVERAGES";799;0
"458176";458175;"2013-09-15";15;"BEVERAGES";727;0
"459958";459957;"2013-09-16";15;"BEVERAGES";573;0
"461740";461739;"2013-09-17";15;"BEVERAGES";485;0
"463522";463521;"2013-09-18";15;"BEVERAGES";602;0
"465304";465303;"2013-09-19";15;"BEVERAGES";488;0
"467086";467085;"2013-09-20";15;"BEVERAGES";734;0
"468868";468867;"2013-09-21";15;"BEVERAGES";1000;0
"470650";470649;"2013-09-22";15;"BEVERAGES";925;0
"472432";472431;"2013-09-23";15;"BEVERAGES";931;0
"474214";474213;"2013-09-24";15;"BEVERAGES";794;0
"475996";475995;"2013-09-25";15;"BEVERAGES";829;0
"477778";477777;"2013-09-26";15;"BEVERAGES";594;0
"479560";479559;"2013-09-27";15;"BEVERAGES";593;0
"481342";481341;"2013-09-28";15;"BEVERAGES";873;0
"483124";483123;"2013-09-29";15;"BEVERAGES";677;0
"484906";484905;"2013-09-30";15;"BEVERAGES";629;0
"486688";486687;"2013-10-01";15;"BEVERAGES";837;0
"488470";488469;"2013-10-02";15;"BEVERAGES";656;0
"490252";490251;"2013-10-03";15;"BEVERAGES";725;0
"492034";492033;"2013-10-04";15;"BEVERAGES";564;0
"493816";493815;"2013-10-05";15;"BEVERAGES";900;0
"495598";495597;"2013-10-06";15;"BEVERAGES";726;0
"497380";497379;"2013-10-07";15;"BEVERAGES";844;0
"499162";499161;"2013-10-08";15;"BEVERAGES";593;0
"500944";500943;"2013-10-09";15;"BEVERAGES";454;0
"502726";502725;"2013-10-10";15;"BEVERAGES";426;0
"504508";504507;"2013-10-11";15;"BEVERAGES";537;0
"506290";506289;"2013-10-12";15;"BEVERAGES";761;0
"508072";508071;"2013-10-13";15;"BEVERAGES";607;0
"509854";509853;"2013-10-14";15;"BEVERAGES";410;0
"511636";511635;"2013-10-15";15;"BEVERAGES";447;0
"513418";513417;"2013-10-16";15;"BEVERAGES";393;0
"515200";515199;"2013-10-17";15;"BEVERAGES";698;0
"516982";516981;"2013-10-18";15;"BEVERAGES";499;0
"518764";518763;"2013-10-19";15;"BEVERAGES";626;0
"520546";520545;"2013-10-20";15;"BEVERAGES";727;0
"522328";522327;"2013-10-21";15;"BEVERAGES";653;0
"524110";524109;"2013-10-22";15;"BEVERAGES";679;0
"525892";525891;"2013-10-23";15;"BEVERAGES";545;0
"527674";527673;"2013-10-24";15;"BEVERAGES";531;0
"529456";529455;"2013-10-25";15;"BEVERAGES";646;0
"531238";531237;"2013-10-26";15;"BEVERAGES";707;0
"533020";533019;"2013-10-27";15;"BEVERAGES";595;0
"534802";534801;"2013-10-28";15;"BEVERAGES";774;0
"536584";536583;"2013-10-29";15;"BEVERAGES";731;0
"538366";538365;"2013-10-30";15;"BEVERAGES";698;0
"540148";540147;"2013-10-31";15;"BEVERAGES";614;0
"541930";541929;"2013-11-01";15;"BEVERAGES";641;0
"543712";543711;"2013-11-02";15;"BEVERAGES";564;0
"545494";545493;"2013-11-03";15;"BEVERAGES";775;0
"547276";547275;"2013-11-04";15;"BEVERAGES";633;0
"549058";549057;"2013-11-05";15;"BEVERAGES";747;0
"550840";550839;"2013-11-06";15;"BEVERAGES";626;0
"552622";552621;"2013-11-07";15;"BEVERAGES";387;0
"554404";554403;"2013-11-08";15;"BEVERAGES";615;0
"556186";556185;"2013-11-09";15;"BEVERAGES";733;0
"557968";557967;"2013-11-10";15;"BEVERAGES";833;0
"559750";559749;"2013-11-11";15;"BEVERAGES";748;0
"561532";561531;"2013-11-12";15;"BEVERAGES";631;0
"563314";563313;"2013-11-13";15;"BEVERAGES";474;0
"565096";565095;"2013-11-14";15;"BEVERAGES";639;0
"566878";566877;"2013-11-15";15;"BEVERAGES";733;0
"568660";568659;"2013-11-16";15;"BEVERAGES";685;0
"570442";570441;"2013-11-17";15;"BEVERAGES";811;0
"572224";572223;"2013-11-18";15;"BEVERAGES";960;0
"574006";574005;"2013-11-19";15;"BEVERAGES";506;0
"575788";575787;"2013-11-20";15;"BEVERAGES";578;0
"577570";577569;"2013-11-21";15;"BEVERAGES";563;0
"579352";579351;"2013-11-22";15;"BEVERAGES";455;0
"581134";581133;"2013-11-23";15;"BEVERAGES";792;0
"582916";582915;"2013-11-24";15;"BEVERAGES";563;0
"584698";584697;"2013-11-25";15;"BEVERAGES";927;0
"586480";586479;"2013-11-26";15;"BEVERAGES";438;0
"588262";588261;"2013-11-27";15;"BEVERAGES";616;0
"590044";590043;"2013-11-28";15;"BEVERAGES";422;0
"591826";591825;"2013-11-29";15;"BEVERAGES";460;0
"593608";593607;"2013-11-30";15;"BEVERAGES";664;0
"595390";595389;"2013-12-01";15;"BEVERAGES";830;0
"597172";597171;"2013-12-02";15;"BEVERAGES";673;0
"598954";598953;"2013-12-03";15;"BEVERAGES";600;0
"600736";600735;"2013-12-04";15;"BEVERAGES";550;0
"602518";602517;"2013-12-05";15;"BEVERAGES";630;0
"604300";604299;"2013-12-06";15;"BEVERAGES";547;0
"606082";606081;"2013-12-07";15;"BEVERAGES";685;0
"607864";607863;"2013-12-08";15;"BEVERAGES";623;0
"609646";609645;"2013-12-09";15;"BEVERAGES";549;0
"611428";611427;"2013-12-10";15;"BEVERAGES";514;0
"613210";613209;"2013-12-11";15;"BEVERAGES";474;0
"614992";614991;"2013-12-12";15;"BEVERAGES";490;0
"616774";616773;"2013-12-13";15;"BEVERAGES";561;0
"618556";618555;"2013-12-14";15;"BEVERAGES";840;0
"620338";620337;"2013-12-15";15;"BEVERAGES";761;0
"622120";622119;"2013-12-16";15;"BEVERAGES";696;0
"623902";623901;"2013-12-17";15;"BEVERAGES";584;0
"625684";625683;"2013-12-18";15;"BEVERAGES";458;0
"627466";627465;"2013-12-19";15;"BEVERAGES";577;0
"629248";629247;"2013-12-20";15;"BEVERAGES";734;0
"631030";631029;"2013-12-21";15;"BEVERAGES";669;0
"632812";632811;"2013-12-22";15;"BEVERAGES";474;0
"634594";634593;"2013-12-23";15;"BEVERAGES";664;0
"636376";636375;"2013-12-24";15;"BEVERAGES";695;0
"638158";638157;"2013-12-26";15;"BEVERAGES";706;0
"639940";639939;"2013-12-27";15;"BEVERAGES";649;0
"641722";641721;"2013-12-28";15;"BEVERAGES";708;0
"643504";643503;"2013-12-29";15;"BEVERAGES";445;0
"645286";645285;"2013-12-30";15;"BEVERAGES";1048;0
"647068";647067;"2013-12-31";15;"BEVERAGES";759;0
"648850";648849;"2014-01-01";15;"BEVERAGES";0;0
"650632";650631;"2014-01-02";15;"BEVERAGES";1564;0
"652414";652413;"2014-01-03";15;"BEVERAGES";1473;0
"654196";654195;"2014-01-04";15;"BEVERAGES";1510;0
"655978";655977;"2014-01-05";15;"BEVERAGES";1590;0
"657760";657759;"2014-01-06";15;"BEVERAGES";1347;0
"659542";659541;"2014-01-07";15;"BEVERAGES";1248;0
"661324";661323;"2014-01-08";15;"BEVERAGES";1111;0
"663106";663105;"2014-01-09";15;"BEVERAGES";1179;0
"664888";664887;"2014-01-10";15;"BEVERAGES";1114;0
"666670";666669;"2014-01-11";15;"BEVERAGES";1428;0
"668452";668451;"2014-01-12";15;"BEVERAGES";1267;0
"670234";670233;"2014-01-13";15;"BEVERAGES";1297;0
"672016";672015;"2014-01-14";15;"BEVERAGES";1170;0
"673798";673797;"2014-01-15";15;"BEVERAGES";976;0
"675580";675579;"2014-01-16";15;"BEVERAGES";1046;0
"677362";677361;"2014-01-17";15;"BEVERAGES";1079;0
"679144";679143;"2014-01-18";15;"BEVERAGES";1229;0
"680926";680925;"2014-01-19";15;"BEVERAGES";1176;0
"682708";682707;"2014-01-20";15;"BEVERAGES";1270;0
"684490";684489;"2014-01-21";15;"BEVERAGES";1462;0
"686272";686271;"2014-01-22";15;"BEVERAGES";1144;0
"688054";688053;"2014-01-23";15;"BEVERAGES";995;0
"689836";689835;"2014-01-24";15;"BEVERAGES";1071;0
"691618";691617;"2014-01-25";15;"BEVERAGES";1215;0
"693400";693399;"2014-01-26";15;"BEVERAGES";1440;0
"695182";695181;"2014-01-27";15;"BEVERAGES";1157;0
"696964";696963;"2014-01-28";15;"BEVERAGES";1268;0
"698746";698745;"2014-01-29";15;"BEVERAGES";1150;0
"700528";700527;"2014-01-30";15;"BEVERAGES";987;0
"702310";702309;"2014-01-31";15;"BEVERAGES";996;0
"704092";704091;"2014-02-01";15;"BEVERAGES";726;0
"705874";705873;"2014-02-02";15;"BEVERAGES";563;0
"707656";707655;"2014-02-03";15;"BEVERAGES";724;0
"709438";709437;"2014-02-04";15;"BEVERAGES";653;0
"711220";711219;"2014-02-05";15;"BEVERAGES";520;0
"713002";713001;"2014-02-06";15;"BEVERAGES";347;0
"714784";714783;"2014-02-07";15;"BEVERAGES";508;0
"716566";716565;"2014-02-08";15;"BEVERAGES";682;0
"718348";718347;"2014-02-09";15;"BEVERAGES";581;0
"720130";720129;"2014-02-10";15;"BEVERAGES";601;0
"721912";721911;"2014-02-11";15;"BEVERAGES";497;0
"723694";723693;"2014-02-12";15;"BEVERAGES";559;0
"725476";725475;"2014-02-13";15;"BEVERAGES";512;0
"727258";727257;"2014-02-14";15;"BEVERAGES";608;0
"729040";729039;"2014-02-15";15;"BEVERAGES";830;0
"730822";730821;"2014-02-16";15;"BEVERAGES";590;0
"732604";732603;"2014-02-17";15;"BEVERAGES";800;0
"734386";734385;"2014-02-18";15;"BEVERAGES";706;0
"736168";736167;"2014-02-19";15;"BEVERAGES";521;0
"737950";737949;"2014-02-20";15;"BEVERAGES";519;0
"739732";739731;"2014-02-21";15;"BEVERAGES";392;0
"741514";741513;"2014-02-22";15;"BEVERAGES";766;0
"743296";743295;"2014-02-23";15;"BEVERAGES";535;0
"745078";745077;"2014-02-24";15;"BEVERAGES";580;0
"746860";746859;"2014-02-25";15;"BEVERAGES";580;0
"748642";748641;"2014-02-26";15;"BEVERAGES";525;0
"750424";750423;"2014-02-27";15;"BEVERAGES";513;0
"752206";752205;"2014-02-28";15;"BEVERAGES";536;0
"753988";753987;"2014-03-01";15;"BEVERAGES";1555;0
"755770";755769;"2014-03-02";15;"BEVERAGES";998;0
"757552";757551;"2014-03-03";15;"BEVERAGES";963;0
"759334";759333;"2014-03-04";15;"BEVERAGES";844;0
"761116";761115;"2014-03-05";15;"BEVERAGES";1569;0
"762898";762897;"2014-03-06";15;"BEVERAGES";1344;0
"764680";764679;"2014-03-07";15;"BEVERAGES";1152;0
"766462";766461;"2014-03-08";15;"BEVERAGES";1507;0
"768244";768243;"2014-03-09";15;"BEVERAGES";1391;0
"770026";770025;"2014-03-10";15;"BEVERAGES";1384;0
"771808";771807;"2014-03-11";15;"BEVERAGES";1057;0
"773590";773589;"2014-03-12";15;"BEVERAGES";1029;0
"775372";775371;"2014-03-13";15;"BEVERAGES";1141;0
"777154";777153;"2014-03-14";15;"BEVERAGES";960;0
"778936";778935;"2014-03-15";15;"BEVERAGES";1236;0
"780718";780717;"2014-03-16";15;"BEVERAGES";1133;0
"782500";782499;"2014-03-17";15;"BEVERAGES";1271;0
"784282";784281;"2014-03-18";15;"BEVERAGES";1044;0
"786064";786063;"2014-03-19";15;"BEVERAGES";1109;0
"787846";787845;"2014-03-20";15;"BEVERAGES";1096;0
"789628";789627;"2014-03-21";15;"BEVERAGES";929;0
"791410";791409;"2014-03-22";15;"BEVERAGES";1370;0
"793192";793191;"2014-03-23";15;"BEVERAGES";1111;0
"794974";794973;"2014-03-24";15;"BEVERAGES";1284;0
"796756";796755;"2014-03-25";15;"BEVERAGES";1339;0
"798538";798537;"2014-03-26";15;"BEVERAGES";1082;0
"800320";800319;"2014-03-27";15;"BEVERAGES";1169;0
"802102";802101;"2014-03-28";15;"BEVERAGES";1176;0
"803884";803883;"2014-03-29";15;"BEVERAGES";1446;0
"805666";805665;"2014-03-30";15;"BEVERAGES";1254;0
"807448";807447;"2014-03-31";15;"BEVERAGES";1474;0
"809230";809229;"2014-04-01";15;"BEVERAGES";669;0
"811012";811011;"2014-04-02";15;"BEVERAGES";721;0
"812794";812793;"2014-04-03";15;"BEVERAGES";725;0
"814576";814575;"2014-04-04";15;"BEVERAGES";824;0
"816358";816357;"2014-04-05";15;"BEVERAGES";1263;0
"818140";818139;"2014-04-06";15;"BEVERAGES";1111;0
"819922";819921;"2014-04-07";15;"BEVERAGES";739;0
"821704";821703;"2014-04-08";15;"BEVERAGES";534;0
"823486";823485;"2014-04-09";15;"BEVERAGES";580;0
"825268";825267;"2014-04-10";15;"BEVERAGES";537;0
"827050";827049;"2014-04-11";15;"BEVERAGES";682;0
"828832";828831;"2014-04-12";15;"BEVERAGES";956;0
"830614";830613;"2014-04-13";15;"BEVERAGES";677;0
"832396";832395;"2014-04-14";15;"BEVERAGES";900;0
"834178";834177;"2014-04-15";15;"BEVERAGES";726;0
"835960";835959;"2014-04-16";15;"BEVERAGES";681;0
"837742";837741;"2014-04-17";15;"BEVERAGES";793;0
"839524";839523;"2014-04-18";15;"BEVERAGES";687;0
"841306";841305;"2014-04-19";15;"BEVERAGES";833;0
"843088";843087;"2014-04-20";15;"BEVERAGES";627;0
"844870";844869;"2014-04-21";15;"BEVERAGES";856;0
"846652";846651;"2014-04-22";15;"BEVERAGES";791;0
"848434";848433;"2014-04-23";15;"BEVERAGES";786;0
"850216";850215;"2014-04-24";15;"BEVERAGES";495;0
"851998";851997;"2014-04-25";15;"BEVERAGES";663;0
"853780";853779;"2014-04-26";15;"BEVERAGES";614;0
"855562";855561;"2014-04-27";15;"BEVERAGES";548;0
"857344";857343;"2014-04-28";15;"BEVERAGES";741;0
"859126";859125;"2014-04-29";15;"BEVERAGES";630;0
"860908";860907;"2014-04-30";15;"BEVERAGES";537;0
"862690";862689;"2014-05-01";15;"BEVERAGES";611;0
"864472";864471;"2014-05-02";15;"BEVERAGES";619;0
"866254";866253;"2014-05-03";15;"BEVERAGES";830;0
"868036";868035;"2014-05-04";15;"BEVERAGES";1013;0
"869818";869817;"2014-05-05";15;"BEVERAGES";984;0
"871600";871599;"2014-05-06";15;"BEVERAGES";744;0
"873382";873381;"2014-05-07";15;"BEVERAGES";629;0
"875164";875163;"2014-05-08";15;"BEVERAGES";496;0
"876946";876945;"2014-05-09";15;"BEVERAGES";530;0
"878728";878727;"2014-05-10";15;"BEVERAGES";637;0
"880510";880509;"2014-05-11";15;"BEVERAGES";613;0
"882292";882291;"2014-05-12";15;"BEVERAGES";761;0
"884074";884073;"2014-05-13";15;"BEVERAGES";701;0
"885856";885855;"2014-05-14";15;"BEVERAGES";535;0
"887638";887637;"2014-05-15";15;"BEVERAGES";792;0
"889420";889419;"2014-05-16";15;"BEVERAGES";504;0
"891202";891201;"2014-05-17";15;"BEVERAGES";933;0
"892984";892983;"2014-05-18";15;"BEVERAGES";822;0
"894766";894765;"2014-05-19";15;"BEVERAGES";553;0
"896548";896547;"2014-05-20";15;"BEVERAGES";640;0
"898330";898329;"2014-05-21";15;"BEVERAGES";612;2
"900112";900111;"2014-05-22";15;"BEVERAGES";592;0
"901894";901893;"2014-05-23";15;"BEVERAGES";473;0
"903676";903675;"2014-05-24";15;"BEVERAGES";767;2
"905458";905457;"2014-05-25";15;"BEVERAGES";703;0
"907240";907239;"2014-05-26";15;"BEVERAGES";733;0
"909022";909021;"2014-05-27";15;"BEVERAGES";531;0
"910804";910803;"2014-05-28";15;"BEVERAGES";579;1
"912586";912585;"2014-05-29";15;"BEVERAGES";524;0
"914368";914367;"2014-05-30";15;"BEVERAGES";706;0
"916150";916149;"2014-05-31";15;"BEVERAGES";694;0
"917932";917931;"2014-06-01";15;"BEVERAGES";649;0
"919714";919713;"2014-06-02";15;"BEVERAGES";690;0
"921496";921495;"2014-06-03";15;"BEVERAGES";722;0
"923278";923277;"2014-06-04";15;"BEVERAGES";518;0
"925060";925059;"2014-06-05";15;"BEVERAGES";495;0
"926842";926841;"2014-06-06";15;"BEVERAGES";296;0
"928624";928623;"2014-06-07";15;"BEVERAGES";885;1
"930406";930405;"2014-06-08";15;"BEVERAGES";706;0
"932188";932187;"2014-06-09";15;"BEVERAGES";753;0
"933970";933969;"2014-06-10";15;"BEVERAGES";708;3
"935752";935751;"2014-06-11";15;"BEVERAGES";791;0
"937534";937533;"2014-06-12";15;"BEVERAGES";750;1
"939316";939315;"2014-06-13";15;"BEVERAGES";475;0
"941098";941097;"2014-06-14";15;"BEVERAGES";1399;0
"942880";942879;"2014-06-15";15;"BEVERAGES";757;0
"944662";944661;"2014-06-16";15;"BEVERAGES";918;2
"946444";946443;"2014-06-17";15;"BEVERAGES";642;0
"948226";948225;"2014-06-18";15;"BEVERAGES";550;0
"950008";950007;"2014-06-19";15;"BEVERAGES";797;0
"951790";951789;"2014-06-20";15;"BEVERAGES";878;0
"953572";953571;"2014-06-21";15;"BEVERAGES";765;0
"955354";955353;"2014-06-22";15;"BEVERAGES";710;0
"957136";957135;"2014-06-23";15;"BEVERAGES";507;0
"958918";958917;"2014-06-24";15;"BEVERAGES";544;1
"960700";960699;"2014-06-25";15;"BEVERAGES";375;0
"962482";962481;"2014-06-26";15;"BEVERAGES";537;0
"964264";964263;"2014-06-27";15;"BEVERAGES";659;0
"966046";966045;"2014-06-28";15;"BEVERAGES";522;0
"967828";967827;"2014-06-29";15;"BEVERAGES";586;0
"969610";969609;"2014-06-30";15;"BEVERAGES";489;1
"971392";971391;"2014-07-01";15;"BEVERAGES";1380;0
"973174";973173;"2014-07-02";15;"BEVERAGES";1608;0
"974956";974955;"2014-07-03";15;"BEVERAGES";1325;1
"976738";976737;"2014-07-04";15;"BEVERAGES";1323;0
"978520";978519;"2014-07-05";15;"BEVERAGES";1463;0
"980302";980301;"2014-07-06";15;"BEVERAGES";1278;1
"982084";982083;"2014-07-07";15;"BEVERAGES";1489;0
"983866";983865;"2014-07-08";15;"BEVERAGES";1282;0
"985648";985647;"2014-07-09";15;"BEVERAGES";1056;2
"987430";987429;"2014-07-10";15;"BEVERAGES";987;0
"989212";989211;"2014-07-11";15;"BEVERAGES";1222;0
"990994";990993;"2014-07-12";15;"BEVERAGES";1111;0
"992776";992775;"2014-07-13";15;"BEVERAGES";1241;1
"994558";994557;"2014-07-14";15;"BEVERAGES";1317;1
"996340";996339;"2014-07-15";15;"BEVERAGES";1276;2
"998122";998121;"2014-07-16";15;"BEVERAGES";1083;0
"999904";999903;"2014-07-17";15;"BEVERAGES";1901;1
"1001686";1001685;"2014-07-18";15;"BEVERAGES";1095;0
"1003468";1003467;"2014-07-19";15;"BEVERAGES";1252;0
"1005250";1005249;"2014-07-20";15;"BEVERAGES";1000;0
"1007032";1007031;"2014-07-21";15;"BEVERAGES";1576;2
"1008814";1008813;"2014-07-22";15;"BEVERAGES";1371;0
"1010596";1010595;"2014-07-23";15;"BEVERAGES";1217;0
"1012378";1012377;"2014-07-24";15;"BEVERAGES";1414;0
"1014160";1014159;"2014-07-25";15;"BEVERAGES";907;1
"1015942";1015941;"2014-07-26";15;"BEVERAGES";1474;0
"1017724";1017723;"2014-07-27";15;"BEVERAGES";1151;0
"1019506";1019505;"2014-07-28";15;"BEVERAGES";1551;0
"1021288";1021287;"2014-07-29";15;"BEVERAGES";1199;0
"1023070";1023069;"2014-07-30";15;"BEVERAGES";1196;0
"1024852";1024851;"2014-07-31";15;"BEVERAGES";1333;0
"1026634";1026633;"2014-08-01";15;"BEVERAGES";1248;2
"1028416";1028415;"2014-08-02";15;"BEVERAGES";1221;0
"1030198";1030197;"2014-08-03";15;"BEVERAGES";761;0
"1031980";1031979;"2014-08-04";15;"BEVERAGES";881;0
"1033762";1033761;"2014-08-05";15;"BEVERAGES";543;0
"1035544";1035543;"2014-08-06";15;"BEVERAGES";464;0
"1037326";1037325;"2014-08-07";15;"BEVERAGES";673;1
"1039108";1039107;"2014-08-08";15;"BEVERAGES";549;0
"1040890";1040889;"2014-08-09";15;"BEVERAGES";689;0
"1042672";1042671;"2014-08-10";15;"BEVERAGES";545;0
"1044454";1044453;"2014-08-11";15;"BEVERAGES";581;0
"1046236";1046235;"2014-08-12";15;"BEVERAGES";612;0
"1048018";1048017;"2014-08-13";15;"BEVERAGES";661;0
"1049800";1049799;"2014-08-14";15;"BEVERAGES";629;0
"1051582";1051581;"2014-08-15";15;"BEVERAGES";717;1
"1053364";1053363;"2014-08-16";15;"BEVERAGES";821;0
"1055146";1055145;"2014-08-17";15;"BEVERAGES";665;0
"1056928";1056927;"2014-08-18";15;"BEVERAGES";555;0
"1058710";1058709;"2014-08-19";15;"BEVERAGES";692;1
"1060492";1060491;"2014-08-20";15;"BEVERAGES";613;0
"1062274";1062273;"2014-08-21";15;"BEVERAGES";1086;0
"1064056";1064055;"2014-08-22";15;"BEVERAGES";724;0
"1065838";1065837;"2014-08-23";15;"BEVERAGES";677;0
"1067620";1067619;"2014-08-24";15;"BEVERAGES";1065;0
"1069402";1069401;"2014-08-25";15;"BEVERAGES";734;0
"1071184";1071183;"2014-08-26";15;"BEVERAGES";813;0
"1072966";1072965;"2014-08-27";15;"BEVERAGES";464;0
"1074748";1074747;"2014-08-28";15;"BEVERAGES";454;0
"1076530";1076529;"2014-08-29";15;"BEVERAGES";707;0
"1078312";1078311;"2014-08-30";15;"BEVERAGES";828;0
"1080094";1080093;"2014-08-31";15;"BEVERAGES";814;0
"1081876";1081875;"2014-09-01";15;"BEVERAGES";1638;0
"1083658";1083657;"2014-09-02";15;"BEVERAGES";1550;1
"1085440";1085439;"2014-09-03";15;"BEVERAGES";1385;0
"1087222";1087221;"2014-09-04";15;"BEVERAGES";1152;1
"1089004";1089003;"2014-09-05";15;"BEVERAGES";1273;0
"1090786";1090785;"2014-09-06";15;"BEVERAGES";1832;1
"1092568";1092567;"2014-09-07";15;"BEVERAGES";1727;0
"1094350";1094349;"2014-09-08";15;"BEVERAGES";1577;1
"1096132";1096131;"2014-09-09";15;"BEVERAGES";1499;0
"1097914";1097913;"2014-09-10";15;"BEVERAGES";1270;1
"1099696";1099695;"2014-09-11";15;"BEVERAGES";1206;0
"1101478";1101477;"2014-09-12";15;"BEVERAGES";1228;0
"1103260";1103259;"2014-09-13";15;"BEVERAGES";1553;0
"1105042";1105041;"2014-09-14";15;"BEVERAGES";1291;1
"1106824";1106823;"2014-09-15";15;"BEVERAGES";1156;0
"1108606";1108605;"2014-09-16";15;"BEVERAGES";1497;0
"1110388";1110387;"2014-09-17";15;"BEVERAGES";1312;0
"1112170";1112169;"2014-09-18";15;"BEVERAGES";1035;0
"1113952";1113951;"2014-09-19";15;"BEVERAGES";851;0
"1115734";1115733;"2014-09-20";15;"BEVERAGES";1412;0
"1117516";1117515;"2014-09-21";15;"BEVERAGES";1356;0
"1119298";1119297;"2014-09-22";15;"BEVERAGES";1548;1
"1121080";1121079;"2014-09-23";15;"BEVERAGES";1493;1
"1122862";1122861;"2014-09-24";15;"BEVERAGES";1102;0
"1124644";1124643;"2014-09-25";15;"BEVERAGES";1230;0
"1126426";1126425;"2014-09-26";15;"BEVERAGES";1346;2
"1128208";1128207;"2014-09-27";15;"BEVERAGES";1385;0
"1129990";1129989;"2014-09-28";15;"BEVERAGES";1350;0
"1131772";1131771;"2014-09-29";15;"BEVERAGES";1902;0
"1133554";1133553;"2014-09-30";15;"BEVERAGES";1311;2
"1135336";1135335;"2014-10-01";15;"BEVERAGES";1498;1
"1137118";1137117;"2014-10-02";15;"BEVERAGES";1286;1
"1138900";1138899;"2014-10-03";15;"BEVERAGES";1367;2
"1140682";1140681;"2014-10-04";15;"BEVERAGES";1550;0
"1142464";1142463;"2014-10-05";15;"BEVERAGES";1896;0
"1144246";1144245;"2014-10-06";15;"BEVERAGES";1704;0
"1146028";1146027;"2014-10-07";15;"BEVERAGES";1419;2
"1147810";1147809;"2014-10-08";15;"BEVERAGES";1466;0
"1149592";1149591;"2014-10-09";15;"BEVERAGES";1010;1
"1151374";1151373;"2014-10-10";15;"BEVERAGES";1138;0
"1153156";1153155;"2014-10-11";15;"BEVERAGES";1353;0
"1154938";1154937;"2014-10-12";15;"BEVERAGES";1620;1
"1156720";1156719;"2014-10-13";15;"BEVERAGES";1358;1
"1158502";1158501;"2014-10-14";15;"BEVERAGES";1161;1
"1160284";1160283;"2014-10-15";15;"BEVERAGES";1081;5
"1162066";1162065;"2014-10-16";15;"BEVERAGES";1470;0
"1163848";1163847;"2014-10-17";15;"BEVERAGES";1431;0
"1165630";1165629;"2014-10-18";15;"BEVERAGES";1524;1
"1167412";1167411;"2014-10-19";15;"BEVERAGES";1500;2
"1169194";1169193;"2014-10-20";15;"BEVERAGES";1569;1
"1170976";1170975;"2014-10-21";15;"BEVERAGES";1407;0
"1172758";1172757;"2014-10-22";15;"BEVERAGES";1114;3
"1174540";1174539;"2014-10-23";15;"BEVERAGES";1238;0
"1176322";1176321;"2014-10-24";15;"BEVERAGES";1112;0
"1178104";1178103;"2014-10-25";15;"BEVERAGES";1203;0
"1179886";1179885;"2014-10-26";15;"BEVERAGES";1345;1
"1181668";1181667;"2014-10-27";15;"BEVERAGES";1356;1
"1183450";1183449;"2014-10-28";15;"BEVERAGES";1168;0
"1185232";1185231;"2014-10-29";15;"BEVERAGES";1056;0
"1187014";1187013;"2014-10-30";15;"BEVERAGES";1189;0
"1188796";1188795;"2014-10-31";15;"BEVERAGES";1103;0
"1190578";1190577;"2014-11-01";15;"BEVERAGES";1574;0
"1192360";1192359;"2014-11-02";15;"BEVERAGES";1023;0
"1194142";1194141;"2014-11-03";15;"BEVERAGES";1719;1
"1195924";1195923;"2014-11-04";15;"BEVERAGES";1482;3
"1197706";1197705;"2014-11-05";15;"BEVERAGES";1476;1
"1199488";1199487;"2014-11-06";15;"BEVERAGES";1181;0
"1201270";1201269;"2014-11-07";15;"BEVERAGES";1382;0
"1203052";1203051;"2014-11-08";15;"BEVERAGES";1464;0
"1204834";1204833;"2014-11-09";15;"BEVERAGES";1634;0
"1206616";1206615;"2014-11-10";15;"BEVERAGES";1475;0
"1208398";1208397;"2014-11-11";15;"BEVERAGES";1239;1
"1210180";1210179;"2014-11-12";15;"BEVERAGES";1244;1
"1211962";1211961;"2014-11-13";15;"BEVERAGES";1009;0
"1213744";1213743;"2014-11-14";15;"BEVERAGES";1334;0
"1215526";1215525;"2014-11-15";15;"BEVERAGES";1541;2
"1217308";1217307;"2014-11-16";15;"BEVERAGES";1423;1
"1219090";1219089;"2014-11-17";15;"BEVERAGES";1469;0
"1220872";1220871;"2014-11-18";15;"BEVERAGES";1391;4
"1222654";1222653;"2014-11-19";15;"BEVERAGES";1034;0
"1224436";1224435;"2014-11-20";15;"BEVERAGES";1308;1
"1226218";1226217;"2014-11-21";15;"BEVERAGES";1251;0
"1228000";1227999;"2014-11-22";15;"BEVERAGES";1174;1
"1229782";1229781;"2014-11-23";15;"BEVERAGES";1382;0
"1231564";1231563;"2014-11-24";15;"BEVERAGES";1305;1
"1233346";1233345;"2014-11-25";15;"BEVERAGES";1157;0
"1235128";1235127;"2014-11-26";15;"BEVERAGES";1122;1
"1236910";1236909;"2014-11-27";15;"BEVERAGES";1154;1
"1238692";1238691;"2014-11-28";15;"BEVERAGES";1103;1
"1240474";1240473;"2014-11-29";15;"BEVERAGES";1504;0
"1242256";1242255;"2014-11-30";15;"BEVERAGES";1675;0
"1244038";1244037;"2014-12-01";15;"BEVERAGES";1681;1
"1245820";1245819;"2014-12-02";15;"BEVERAGES";1495;1
"1247602";1247601;"2014-12-03";15;"BEVERAGES";1486;4
"1249384";1249383;"2014-12-04";15;"BEVERAGES";1162;2
"1251166";1251165;"2014-12-05";15;"BEVERAGES";1130;0
"1252948";1252947;"2014-12-06";15;"BEVERAGES";1388;1
"1254730";1254729;"2014-12-07";15;"BEVERAGES";1292;0
"1256512";1256511;"2014-12-08";15;"BEVERAGES";1559;1
"1258294";1258293;"2014-12-09";15;"BEVERAGES";1466;4
"1260076";1260075;"2014-12-10";15;"BEVERAGES";1100;0
"1261858";1261857;"2014-12-11";15;"BEVERAGES";1195;0
"1263640";1263639;"2014-12-12";15;"BEVERAGES";1320;2
"1265422";1265421;"2014-12-13";15;"BEVERAGES";1526;5
"1267204";1267203;"2014-12-14";15;"BEVERAGES";1365;0
"1268986";1268985;"2014-12-15";15;"BEVERAGES";1662;2
"1270768";1270767;"2014-12-16";15;"BEVERAGES";1363;0
"1272550";1272549;"2014-12-17";15;"BEVERAGES";1875;0
"1274332";1274331;"2014-12-18";15;"BEVERAGES";1734;0
"1276114";1276113;"2014-12-19";15;"BEVERAGES";1138;0
"1277896";1277895;"2014-12-20";15;"BEVERAGES";1562;0
"1279678";1279677;"2014-12-21";15;"BEVERAGES";1476;1
"1281460";1281459;"2014-12-22";15;"BEVERAGES";1832;1
"1283242";1283241;"2014-12-23";15;"BEVERAGES";1336;2
"1285024";1285023;"2014-12-24";15;"BEVERAGES";1771;0
"1286806";1286805;"2014-12-26";15;"BEVERAGES";1647;1
"1288588";1288587;"2014-12-27";15;"BEVERAGES";1562;2
"1290370";1290369;"2014-12-28";15;"BEVERAGES";1086;4
"1292152";1292151;"2014-12-29";15;"BEVERAGES";1621;5
"1293934";1293933;"2014-12-30";15;"BEVERAGES";1436;1
"1295716";1295715;"2014-12-31";15;"BEVERAGES";1410;1
"1297498";1297497;"2015-01-01";15;"BEVERAGES";0;0
"1299280";1299279;"2015-01-02";15;"BEVERAGES";1084;1
"1301062";1301061;"2015-01-03";15;"BEVERAGES";947;0
"1302844";1302843;"2015-01-04";15;"BEVERAGES";1037;1
"1304626";1304625;"2015-01-05";15;"BEVERAGES";968;1
"1306408";1306407;"2015-01-06";15;"BEVERAGES";956;1
"1308190";1308189;"2015-01-07";15;"BEVERAGES";736;0
"1309972";1309971;"2015-01-08";15;"BEVERAGES";846;0
"1311754";1311753;"2015-01-09";15;"BEVERAGES";643;1
"1313536";1313535;"2015-01-10";15;"BEVERAGES";975;0
"1315318";1315317;"2015-01-11";15;"BEVERAGES";1125;0
"1317100";1317099;"2015-01-12";15;"BEVERAGES";877;3
"1318882";1318881;"2015-01-13";15;"BEVERAGES";947;0
"1320664";1320663;"2015-01-14";15;"BEVERAGES";641;0
"1322446";1322445;"2015-01-15";15;"BEVERAGES";725;0
"1324228";1324227;"2015-01-16";15;"BEVERAGES";873;0
"1326010";1326009;"2015-01-17";15;"BEVERAGES";1007;1
"1327792";1327791;"2015-01-18";15;"BEVERAGES";843;0
"1329574";1329573;"2015-01-19";15;"BEVERAGES";881;1
"1331356";1331355;"2015-01-20";15;"BEVERAGES";696;0
"1333138";1333137;"2015-01-21";15;"BEVERAGES";584;0
"1334920";1334919;"2015-01-22";15;"BEVERAGES";730;0
"1336702";1336701;"2015-01-23";15;"BEVERAGES";517;0
"1338484";1338483;"2015-01-24";15;"BEVERAGES";797;0
"1340266";1340265;"2015-01-25";15;"BEVERAGES";716;0
"1342048";1342047;"2015-01-26";15;"BEVERAGES";424;0
"1343830";1343829;"2015-01-27";15;"BEVERAGES";800;0
"1345612";1345611;"2015-01-28";15;"BEVERAGES";623;0
"1347394";1347393;"2015-01-29";15;"BEVERAGES";730;0
"1349176";1349175;"2015-01-30";15;"BEVERAGES";810;0
"1350958";1350957;"2015-01-31";15;"BEVERAGES";1168;1
"1352740";1352739;"2015-02-01";15;"BEVERAGES";907;0
"1354522";1354521;"2015-02-02";15;"BEVERAGES";679;1
"1356304";1356303;"2015-02-03";15;"BEVERAGES";968;1
"1358086";1358085;"2015-02-04";15;"BEVERAGES";861;1
"1359868";1359867;"2015-02-05";15;"BEVERAGES";739;1
"1361650";1361649;"2015-02-06";15;"BEVERAGES";541;0
"1363432";1363431;"2015-02-07";15;"BEVERAGES";880;0
"1365214";1365213;"2015-02-08";15;"BEVERAGES";706;0
"1366996";1366995;"2015-02-09";15;"BEVERAGES";914;0
"1368778";1368777;"2015-02-10";15;"BEVERAGES";663;0
"1370560";1370559;"2015-02-11";15;"BEVERAGES";636;1
"1372342";1372341;"2015-02-12";15;"BEVERAGES";661;0
"1374124";1374123;"2015-02-13";15;"BEVERAGES";808;0
"1375906";1375905;"2015-02-14";15;"BEVERAGES";991;0
"1377688";1377687;"2015-02-15";15;"BEVERAGES";529;0
"1379470";1379469;"2015-02-16";15;"BEVERAGES";500;0
"1381252";1381251;"2015-02-17";15;"BEVERAGES";540;1
"1383034";1383033;"2015-02-18";15;"BEVERAGES";678;0
"1384816";1384815;"2015-02-19";15;"BEVERAGES";703;0
"1386598";1386597;"2015-02-20";15;"BEVERAGES";818;0
"1388380";1388379;"2015-02-21";15;"BEVERAGES";808;0
"1390162";1390161;"2015-02-22";15;"BEVERAGES";834;0
"1391944";1391943;"2015-02-23";15;"BEVERAGES";710;0
"1393726";1393725;"2015-02-24";15;"BEVERAGES";731;0
"1395508";1395507;"2015-02-25";15;"BEVERAGES";638;0
"1397290";1397289;"2015-02-26";15;"BEVERAGES";635;1
"1399072";1399071;"2015-02-27";15;"BEVERAGES";604;0
"1400854";1400853;"2015-02-28";15;"BEVERAGES";777;1
"1402636";1402635;"2015-03-01";15;"BEVERAGES";865;0
"1404418";1404417;"2015-03-02";15;"BEVERAGES";872;1
"1406200";1406199;"2015-03-03";15;"BEVERAGES";589;0
"1407982";1407981;"2015-03-04";15;"BEVERAGES";843;0
"1409764";1409763;"2015-03-05";15;"BEVERAGES";763;0
"1411546";1411545;"2015-03-06";15;"BEVERAGES";580;0
"1413328";1413327;"2015-03-07";15;"BEVERAGES";612;0
"1415110";1415109;"2015-03-08";15;"BEVERAGES";729;0
"1416892";1416891;"2015-03-09";15;"BEVERAGES";766;0
"1418674";1418673;"2015-03-10";15;"BEVERAGES";607;0
"1420456";1420455;"2015-03-11";15;"BEVERAGES";796;0
"1422238";1422237;"2015-03-12";15;"BEVERAGES";573;0
"1424020";1424019;"2015-03-13";15;"BEVERAGES";835;0
"1425802";1425801;"2015-03-14";15;"BEVERAGES";927;2
"1427584";1427583;"2015-03-15";15;"BEVERAGES";663;1
"1429366";1429365;"2015-03-16";15;"BEVERAGES";682;0
"1431148";1431147;"2015-03-17";15;"BEVERAGES";1209;1
"1432930";1432929;"2015-03-18";15;"BEVERAGES";390;1
"1434712";1434711;"2015-03-19";15;"BEVERAGES";539;0
"1436494";1436493;"2015-03-20";15;"BEVERAGES";523;0
"1438276";1438275;"2015-03-21";15;"BEVERAGES";722;0
"1440058";1440057;"2015-03-22";15;"BEVERAGES";627;1
"1441840";1441839;"2015-03-23";15;"BEVERAGES";798;0
"1443622";1443621;"2015-03-24";15;"BEVERAGES";710;1
"1445404";1445403;"2015-03-25";15;"BEVERAGES";526;0
"1447186";1447185;"2015-03-26";15;"BEVERAGES";674;0
"1448968";1448967;"2015-03-27";15;"BEVERAGES";527;1
"1450750";1450749;"2015-03-28";15;"BEVERAGES";609;0
"1452532";1452531;"2015-03-29";15;"BEVERAGES";692;0
"1454314";1454313;"2015-03-30";15;"BEVERAGES";586;1
"1456096";1456095;"2015-03-31";15;"BEVERAGES";513;0
"1457878";1457877;"2015-04-01";15;"BEVERAGES";645;0
"1459660";1459659;"2015-04-02";15;"BEVERAGES";521;0
"1461442";1461441;"2015-04-03";15;"BEVERAGES";567;0
"1463224";1463223;"2015-04-04";15;"BEVERAGES";913;0
"1465006";1465005;"2015-04-05";15;"BEVERAGES";727;0
"1466788";1466787;"2015-04-06";15;"BEVERAGES";821;0
"1468570";1468569;"2015-04-07";15;"BEVERAGES";833;1
"1470352";1470351;"2015-04-08";15;"BEVERAGES";596;1
"1472134";1472133;"2015-04-09";15;"BEVERAGES";614;0
"1473916";1473915;"2015-04-10";15;"BEVERAGES";650;1
"1475698";1475697;"2015-04-11";15;"BEVERAGES";805;1
"1477480";1477479;"2015-04-12";15;"BEVERAGES";943;0
"1479262";1479261;"2015-04-13";15;"BEVERAGES";962;1
"1481044";1481043;"2015-04-14";15;"BEVERAGES";602;1
"1482826";1482825;"2015-04-15";15;"BEVERAGES";630;1
"1484608";1484607;"2015-04-16";15;"BEVERAGES";601;1
"1486390";1486389;"2015-04-17";15;"BEVERAGES";522;3
"1488172";1488171;"2015-04-18";15;"BEVERAGES";785;1
"1489954";1489953;"2015-04-19";15;"BEVERAGES";817;1
"1491736";1491735;"2015-04-20";15;"BEVERAGES";864;0
"1493518";1493517;"2015-04-21";15;"BEVERAGES";660;1
"1495300";1495299;"2015-04-22";15;"BEVERAGES";835;0
"1497082";1497081;"2015-04-23";15;"BEVERAGES";651;1
"1498864";1498863;"2015-04-24";15;"BEVERAGES";691;1
"1500646";1500645;"2015-04-25";15;"BEVERAGES";837;0
"1502428";1502427;"2015-04-26";15;"BEVERAGES";750;0
"1504210";1504209;"2015-04-27";15;"BEVERAGES";651;2
"1505992";1505991;"2015-04-28";15;"BEVERAGES";645;0
"1507774";1507773;"2015-04-29";15;"BEVERAGES";565;0
"1509556";1509555;"2015-04-30";15;"BEVERAGES";687;0
"1511338";1511337;"2015-05-01";15;"BEVERAGES";942;0
"1513120";1513119;"2015-05-02";15;"BEVERAGES";1055;0
"1514902";1514901;"2015-05-03";15;"BEVERAGES";792;0
"1516684";1516683;"2015-05-04";15;"BEVERAGES";873;0
"1518466";1518465;"2015-05-05";15;"BEVERAGES";1002;0
"1520248";1520247;"2015-05-06";15;"BEVERAGES";649;0
"1522030";1522029;"2015-05-07";15;"BEVERAGES";658;0
"1523812";1523811;"2015-05-08";15;"BEVERAGES";819;0
"1525594";1525593;"2015-05-09";15;"BEVERAGES";834;1
"1527376";1527375;"2015-05-10";15;"BEVERAGES";896;0
"1529158";1529157;"2015-05-11";15;"BEVERAGES";1355;0
"1530940";1530939;"2015-05-12";15;"BEVERAGES";973;0
"1532722";1532721;"2015-05-13";15;"BEVERAGES";715;0
"1534504";1534503;"2015-05-14";15;"BEVERAGES";1037;0
"1536286";1536285;"2015-05-15";15;"BEVERAGES";896;1
"1538068";1538067;"2015-05-16";15;"BEVERAGES";1109;0
"1539850";1539849;"2015-05-17";15;"BEVERAGES";1132;0
"1541632";1541631;"2015-05-18";15;"BEVERAGES";1081;1
"1543414";1543413;"2015-05-19";15;"BEVERAGES";1095;0
"1545196";1545195;"2015-05-20";15;"BEVERAGES";1215;4
"1546978";1546977;"2015-05-21";15;"BEVERAGES";1143;0
"1548760";1548759;"2015-05-22";15;"BEVERAGES";1140;3
"1550542";1550541;"2015-05-23";15;"BEVERAGES";914;0
"1552324";1552323;"2015-05-24";15;"BEVERAGES";1065;1
"1554106";1554105;"2015-05-25";15;"BEVERAGES";1712;1
"1555888";1555887;"2015-05-26";15;"BEVERAGES";1393;0
"1557670";1557669;"2015-05-27";15;"BEVERAGES";1413;1
"1559452";1559451;"2015-05-28";15;"BEVERAGES";1384;0
"1561234";1561233;"2015-05-29";15;"BEVERAGES";2337;0
"1563016";1563015;"2015-05-30";15;"BEVERAGES";1932;2
"1564798";1564797;"2015-05-31";15;"BEVERAGES";1962;0
"1566580";1566579;"2015-06-01";15;"BEVERAGES";1965;1
"1568362";1568361;"2015-06-02";15;"BEVERAGES";1808;0
"1570144";1570143;"2015-06-03";15;"BEVERAGES";1416;5
"1571926";1571925;"2015-06-04";15;"BEVERAGES";1493;0
"1573708";1573707;"2015-06-05";15;"BEVERAGES";1386;0
"1575490";1575489;"2015-06-06";15;"BEVERAGES";1436;0
"1577272";1577271;"2015-06-07";15;"BEVERAGES";1802;0
"1579054";1579053;"2015-06-08";15;"BEVERAGES";1607;1
"1580836";1580835;"2015-06-09";15;"BEVERAGES";1557;0
"1582618";1582617;"2015-06-10";15;"BEVERAGES";1253;1
"1584400";1584399;"2015-06-11";15;"BEVERAGES";1357;0
"1586182";1586181;"2015-06-12";15;"BEVERAGES";1469;0
"1587964";1587963;"2015-06-13";15;"BEVERAGES";1521;0
"1589746";1589745;"2015-06-14";15;"BEVERAGES";1586;1
"1591528";1591527;"2015-06-15";15;"BEVERAGES";1567;0
"1593310";1593309;"2015-06-16";15;"BEVERAGES";1466;0
"1595092";1595091;"2015-06-17";15;"BEVERAGES";1481;28
"1596874";1596873;"2015-06-18";15;"BEVERAGES";1495;0
"1598656";1598655;"2015-06-19";15;"BEVERAGES";1412;0
"1600438";1600437;"2015-06-20";15;"BEVERAGES";1617;0
"1602220";1602219;"2015-06-21";15;"BEVERAGES";1450;0
"1604002";1604001;"2015-06-22";15;"BEVERAGES";1874;0
"1605784";1605783;"2015-06-23";15;"BEVERAGES";1444;1
"1607566";1607565;"2015-06-24";15;"BEVERAGES";1321;31
"1609348";1609347;"2015-06-25";15;"BEVERAGES";1189;1
"1611130";1611129;"2015-06-26";15;"BEVERAGES";1428;1
"1612912";1612911;"2015-06-27";15;"BEVERAGES";1710;0
"1614694";1614693;"2015-06-28";15;"BEVERAGES";1329;0
"1616476";1616475;"2015-06-29";15;"BEVERAGES";1493;0
"1618258";1618257;"2015-06-30";15;"BEVERAGES";1576;1
"1620040";1620039;"2015-07-01";15;"BEVERAGES";1782;32
"1621822";1621821;"2015-07-02";15;"BEVERAGES";1757;0
"1623604";1623603;"2015-07-03";15;"BEVERAGES";1789;1
"1625386";1625385;"2015-07-04";15;"BEVERAGES";1560;0
"1627168";1627167;"2015-07-05";15;"BEVERAGES";1339;0
"1628950";1628949;"2015-07-06";15;"BEVERAGES";1751;0
"1630732";1630731;"2015-07-07";15;"BEVERAGES";1342;1
"1632514";1632513;"2015-07-08";15;"BEVERAGES";1469;29
"1634296";1634295;"2015-07-09";15;"BEVERAGES";1547;1
"1636078";1636077;"2015-07-10";15;"BEVERAGES";1681;0
"1637860";1637859;"2015-07-11";15;"BEVERAGES";1550;0
"1639642";1639641;"2015-07-12";15;"BEVERAGES";1373;0
"1641424";1641423;"2015-07-13";15;"BEVERAGES";1471;0
"1643206";1643205;"2015-07-14";15;"BEVERAGES";1287;0
"1644988";1644987;"2015-07-15";15;"BEVERAGES";1408;31
"1646770";1646769;"2015-07-16";15;"BEVERAGES";1306;0
"1648552";1648551;"2015-07-17";15;"BEVERAGES";1566;1
"1650334";1650333;"2015-07-18";15;"BEVERAGES";1488;0
"1652116";1652115;"2015-07-19";15;"BEVERAGES";1560;1
"1653898";1653897;"2015-07-20";15;"BEVERAGES";1687;0
"1655680";1655679;"2015-07-21";15;"BEVERAGES";1590;0
"1657462";1657461;"2015-07-22";15;"BEVERAGES";1487;30
"1659244";1659243;"2015-07-23";15;"BEVERAGES";1535;1
"1661026";1661025;"2015-07-24";15;"BEVERAGES";1263;2
"1662808";1662807;"2015-07-25";15;"BEVERAGES";1684;0
"1664590";1664589;"2015-07-26";15;"BEVERAGES";1250;1
"1666372";1666371;"2015-07-27";15;"BEVERAGES";1454;0
"1668154";1668153;"2015-07-28";15;"BEVERAGES";1485;1
"1669936";1669935;"2015-07-29";15;"BEVERAGES";1387;29
"1671718";1671717;"2015-07-30";15;"BEVERAGES";1700;1
"1673500";1673499;"2015-07-31";15;"BEVERAGES";1199;1
"1675282";1675281;"2015-08-01";15;"BEVERAGES";1861;1
"1677064";1677063;"2015-08-02";15;"BEVERAGES";1322;1
"1678846";1678845;"2015-08-03";15;"BEVERAGES";3445;2
"1680628";1680627;"2015-08-04";15;"BEVERAGES";1528;1
"1682410";1682409;"2015-08-05";15;"BEVERAGES";1651;25
"1684192";1684191;"2015-08-06";15;"BEVERAGES";1531;0
"1685974";1685973;"2015-08-07";15;"BEVERAGES";1460;0
"1687756";1687755;"2015-08-08";15;"BEVERAGES";1858;2
"1689538";1689537;"2015-08-09";15;"BEVERAGES";1265;0
"1691320";1691319;"2015-08-10";15;"BEVERAGES";1243;1
"1693102";1693101;"2015-08-11";15;"BEVERAGES";1341;1
"1694884";1694883;"2015-08-12";15;"BEVERAGES";1416;1
"1696666";1696665;"2015-08-13";15;"BEVERAGES";1963;0
"1698448";1698447;"2015-08-14";15;"BEVERAGES";1354;0
"1700230";1700229;"2015-08-15";15;"BEVERAGES";1574;0
"1702012";1702011;"2015-08-16";15;"BEVERAGES";1298;0
"1703794";1703793;"2015-08-17";15;"BEVERAGES";1692;0
"1705576";1705575;"2015-08-18";15;"BEVERAGES";1371;1
"1707358";1707357;"2015-08-19";15;"BEVERAGES";1587;1
"1709140";1709139;"2015-08-20";15;"BEVERAGES";1680;1
"1710922";1710921;"2015-08-21";15;"BEVERAGES";1747;3
"1712704";1712703;"2015-08-22";15;"BEVERAGES";1709;3
"1714486";1714485;"2015-08-23";15;"BEVERAGES";1438;3
"1716268";1716267;"2015-08-24";15;"BEVERAGES";1641;2
"1718050";1718049;"2015-08-25";15;"BEVERAGES";1215;4
"1719832";1719831;"2015-08-26";15;"BEVERAGES";1601;2
"1721614";1721613;"2015-08-27";15;"BEVERAGES";1484;4
"1723396";1723395;"2015-08-28";15;"BEVERAGES";1494;3
"1725178";1725177;"2015-08-29";15;"BEVERAGES";1616;1
"1726960";1726959;"2015-08-30";15;"BEVERAGES";1425;3
"1728742";1728741;"2015-08-31";15;"BEVERAGES";1700;2
"1730524";1730523;"2015-09-01";15;"BEVERAGES";1876;0
"1732306";1732305;"2015-09-02";15;"BEVERAGES";1940;2
"1734088";1734087;"2015-09-03";15;"BEVERAGES";1839;7
"1735870";1735869;"2015-09-04";15;"BEVERAGES";1727;11
"1737652";1737651;"2015-09-05";15;"BEVERAGES";2243;14
"1739434";1739433;"2015-09-06";15;"BEVERAGES";2057;13
"1741216";1741215;"2015-09-07";15;"BEVERAGES";2310;14
"1742998";1742997;"2015-09-08";15;"BEVERAGES";1721;10
"1744780";1744779;"2015-09-09";15;"BEVERAGES";1669;9
"1746562";1746561;"2015-09-10";15;"BEVERAGES";1438;17
"1748344";1748343;"2015-09-11";15;"BEVERAGES";1394;10
"1750126";1750125;"2015-09-12";15;"BEVERAGES";2292;11
"1751908";1751907;"2015-09-13";15;"BEVERAGES";1778;9
"1753690";1753689;"2015-09-14";15;"BEVERAGES";1966;14
"1755472";1755471;"2015-09-15";15;"BEVERAGES";1676;13
"1757254";1757253;"2015-09-16";15;"BEVERAGES";1932;11
"1759036";1759035;"2015-09-17";15;"BEVERAGES";2968;11
"1760818";1760817;"2015-09-18";15;"BEVERAGES";1412;11
"1762600";1762599;"2015-09-19";15;"BEVERAGES";1698;9
"1764382";1764381;"2015-09-20";15;"BEVERAGES";1817;11
"1766164";1766163;"2015-09-21";15;"BEVERAGES";2061;12
"1767946";1767945;"2015-09-22";15;"BEVERAGES";2208;13
"1769728";1769727;"2015-09-23";15;"BEVERAGES";1759;13
"1771510";1771509;"2015-09-24";15;"BEVERAGES";1567;8
"1773292";1773291;"2015-09-25";15;"BEVERAGES";1752;14
"1775074";1775073;"2015-09-26";15;"BEVERAGES";1808;12
"1776856";1776855;"2015-09-27";15;"BEVERAGES";1421;9
"1778638";1778637;"2015-09-28";15;"BEVERAGES";1542;10
"1780420";1780419;"2015-09-29";15;"BEVERAGES";1911;10
"1782202";1782201;"2015-09-30";15;"BEVERAGES";1539;9
"1783984";1783983;"2015-10-01";15;"BEVERAGES";1864;10
"1785766";1785765;"2015-10-02";15;"BEVERAGES";1873;17
"1787548";1787547;"2015-10-03";15;"BEVERAGES";2431;18
"1789330";1789329;"2015-10-04";15;"BEVERAGES";2048;14
"1791112";1791111;"2015-10-05";15;"BEVERAGES";2092;15
"1792894";1792893;"2015-10-06";15;"BEVERAGES";1785;11
"1794676";1794675;"2015-10-07";15;"BEVERAGES";1644;11
"1796458";1796457;"2015-10-08";15;"BEVERAGES";1599;12
"1798240";1798239;"2015-10-09";15;"BEVERAGES";1604;9
"1800022";1800021;"2015-10-10";15;"BEVERAGES";2582;15
"1801804";1801803;"2015-10-11";15;"BEVERAGES";1814;13
"1803586";1803585;"2015-10-12";15;"BEVERAGES";1614;11
"1805368";1805367;"2015-10-13";15;"BEVERAGES";1519;10
"1807150";1807149;"2015-10-14";15;"BEVERAGES";1643;12
"1808932";1808931;"2015-10-15";15;"BEVERAGES";1282;1
"1810714";1810713;"2015-10-16";15;"BEVERAGES";1399;1
"1812496";1812495;"2015-10-17";15;"BEVERAGES";1794;1
"1814278";1814277;"2015-10-18";15;"BEVERAGES";2012;1
"1816060";1816059;"2015-10-19";15;"BEVERAGES";1900;1
"1817842";1817841;"2015-10-20";15;"BEVERAGES";1846;1
"1819624";1819623;"2015-10-21";15;"BEVERAGES";1431;0
"1821406";1821405;"2015-10-22";15;"BEVERAGES";1530;2
"1823188";1823187;"2015-10-23";15;"BEVERAGES";1532;1
"1824970";1824969;"2015-10-24";15;"BEVERAGES";1519;1
"1826752";1826751;"2015-10-25";15;"BEVERAGES";1665;1
"1828534";1828533;"2015-10-26";15;"BEVERAGES";1695;2
"1830316";1830315;"2015-10-27";15;"BEVERAGES";1842;1
"1832098";1832097;"2015-10-28";15;"BEVERAGES";1415;0
"1833880";1833879;"2015-10-29";15;"BEVERAGES";1265;2
"1835662";1835661;"2015-10-30";15;"BEVERAGES";1452;0
"1837444";1837443;"2015-10-31";15;"BEVERAGES";2127;0
"1839226";1839225;"2015-11-01";15;"BEVERAGES";1374;2
"1841008";1841007;"2015-11-02";15;"BEVERAGES";1248;1
"1842790";1842789;"2015-11-03";15;"BEVERAGES";2041;1
"1844572";1844571;"2015-11-04";15;"BEVERAGES";1744;2
"1846354";1846353;"2015-11-05";15;"BEVERAGES";1765;0
"1848136";1848135;"2015-11-06";15;"BEVERAGES";1680;1
"1849918";1849917;"2015-11-07";15;"BEVERAGES";1450;3
"1851700";1851699;"2015-11-08";15;"BEVERAGES";1780;1
"1853482";1853481;"2015-11-09";15;"BEVERAGES";1811;2
"1855264";1855263;"2015-11-10";15;"BEVERAGES";1578;1
"1857046";1857045;"2015-11-11";15;"BEVERAGES";1616;1
"1858828";1858827;"2015-11-12";15;"BEVERAGES";1437;1
"1860610";1860609;"2015-11-13";15;"BEVERAGES";1369;1
"1862392";1862391;"2015-11-14";15;"BEVERAGES";1708;2
"1864174";1864173;"2015-11-15";15;"BEVERAGES";1643;2
"1865956";1865955;"2015-11-16";15;"BEVERAGES";1782;4
"1867738";1867737;"2015-11-17";15;"BEVERAGES";1378;1
"1869520";1869519;"2015-11-18";15;"BEVERAGES";1457;1
"1871302";1871301;"2015-11-19";15;"BEVERAGES";1605;2
"1873084";1873083;"2015-11-20";15;"BEVERAGES";1490;2
"1874866";1874865;"2015-11-21";15;"BEVERAGES";1414;1
"1876648";1876647;"2015-11-22";15;"BEVERAGES";1749;2
"1878430";1878429;"2015-11-23";15;"BEVERAGES";1510;0
"1880212";1880211;"2015-11-24";15;"BEVERAGES";1345;2
"1881994";1881993;"2015-11-25";15;"BEVERAGES";1573;0
"1883776";1883775;"2015-11-26";15;"BEVERAGES";1590;1
"1885558";1885557;"2015-11-27";15;"BEVERAGES";1146;2
"1887340";1887339;"2015-11-28";15;"BEVERAGES";2177;1
"1889122";1889121;"2015-11-29";15;"BEVERAGES";1425;1
"1890904";1890903;"2015-11-30";15;"BEVERAGES";2411;0
"1892686";1892685;"2015-12-01";15;"BEVERAGES";2089;0
"1894468";1894467;"2015-12-02";15;"BEVERAGES";1670;0
"1896250";1896249;"2015-12-03";15;"BEVERAGES";1770;0
"1898032";1898031;"2015-12-04";15;"BEVERAGES";2087;1
"1899814";1899813;"2015-12-05";15;"BEVERAGES";1635;0
"1901596";1901595;"2015-12-06";15;"BEVERAGES";1970;0
"1903378";1903377;"2015-12-07";15;"BEVERAGES";1849;0
"1905160";1905159;"2015-12-08";15;"BEVERAGES";1461;1
"1906942";1906941;"2015-12-09";15;"BEVERAGES";1488;2
"1908724";1908723;"2015-12-10";15;"BEVERAGES";1492;1
"1910506";1910505;"2015-12-11";15;"BEVERAGES";1712;0
"1912288";1912287;"2015-12-12";15;"BEVERAGES";1449;0
"1914070";1914069;"2015-12-13";15;"BEVERAGES";1780;0
"1915852";1915851;"2015-12-14";15;"BEVERAGES";1846;0
"1917634";1917633;"2015-12-15";15;"BEVERAGES";1635;0
"1919416";1919415;"2015-12-16";15;"BEVERAGES";1515;0
"1921198";1921197;"2015-12-17";15;"BEVERAGES";1642;0
"1922980";1922979;"2015-12-18";15;"BEVERAGES";1535;0
"1924762";1924761;"2015-12-19";15;"BEVERAGES";1895;1
"1926544";1926543;"2015-12-20";15;"BEVERAGES";1546;0
"1928326";1928325;"2015-12-21";15;"BEVERAGES";2334;1
"1930108";1930107;"2015-12-22";15;"BEVERAGES";2227;0
"1931890";1931889;"2015-12-23";15;"BEVERAGES";2213;1
"1933672";1933671;"2015-12-24";15;"BEVERAGES";1650;1
"1935454";1935453;"2015-12-26";15;"BEVERAGES";2104;0
"1937236";1937235;"2015-12-27";15;"BEVERAGES";1425;0
"1939018";1939017;"2015-12-28";15;"BEVERAGES";1807;0
"1940800";1940799;"2015-12-29";15;"BEVERAGES";1793;0
"1942582";1942581;"2015-12-30";15;"BEVERAGES";1898;2
"1944364";1944363;"2015-12-31";15;"BEVERAGES";1698;1
"1946146";1946145;"2016-01-01";15;"BEVERAGES";0;0
"1947928";1947927;"2016-01-02";15;"BEVERAGES";2029;1
"1949710";1949709;"2016-01-03";15;"BEVERAGES";2447;0
"1951492";1951491;"2016-01-04";15;"BEVERAGES";2331;1
"1953274";1953273;"2016-01-05";15;"BEVERAGES";2018;0
"1955056";1955055;"2016-01-06";15;"BEVERAGES";1732;0
"1956838";1956837;"2016-01-07";15;"BEVERAGES";1708;0
"1958620";1958619;"2016-01-08";15;"BEVERAGES";1362;0
"1960402";1960401;"2016-01-09";15;"BEVERAGES";1967;2
"1962184";1962183;"2016-01-10";15;"BEVERAGES";1714;0
"1963966";1963965;"2016-01-11";15;"BEVERAGES";1898;0
"1965748";1965747;"2016-01-12";15;"BEVERAGES";2108;0
"1967530";1967529;"2016-01-13";15;"BEVERAGES";1442;0
"1969312";1969311;"2016-01-14";15;"BEVERAGES";1537;0
"1971094";1971093;"2016-01-15";15;"BEVERAGES";1631;0
"1972876";1972875;"2016-01-16";15;"BEVERAGES";1712;1
"1974658";1974657;"2016-01-17";15;"BEVERAGES";1879;1
"1976440";1976439;"2016-01-18";15;"BEVERAGES";1716;0
"1978222";1978221;"2016-01-19";15;"BEVERAGES";1951;0
"1980004";1980003;"2016-01-20";15;"BEVERAGES";1971;3
"1981786";1981785;"2016-01-21";15;"BEVERAGES";1323;0
"1983568";1983567;"2016-01-22";15;"BEVERAGES";1686;0
"1985350";1985349;"2016-01-23";15;"BEVERAGES";1475;0
"1987132";1987131;"2016-01-24";15;"BEVERAGES";1858;0
"1988914";1988913;"2016-01-25";15;"BEVERAGES";1649;0
"1990696";1990695;"2016-01-26";15;"BEVERAGES";1428;1
"1992478";1992477;"2016-01-27";15;"BEVERAGES";1512;0
"1994260";1994259;"2016-01-28";15;"BEVERAGES";1610;2
"1996042";1996041;"2016-01-29";15;"BEVERAGES";1355;0
"1997824";1997823;"2016-01-30";15;"BEVERAGES";1818;1
"1999606";1999605;"2016-01-31";15;"BEVERAGES";1599;0
"2001388";2001387;"2016-02-01";15;"BEVERAGES";2123;0
"2003170";2003169;"2016-02-02";15;"BEVERAGES";1881;1
"2004952";2004951;"2016-02-03";15;"BEVERAGES";1548;0
"2006734";2006733;"2016-02-04";15;"BEVERAGES";1642;0
"2008516";2008515;"2016-02-05";15;"BEVERAGES";1545;0
"2010298";2010297;"2016-02-06";15;"BEVERAGES";1508;0
"2012080";2012079;"2016-02-07";15;"BEVERAGES";1182;0
"2013862";2013861;"2016-02-08";15;"BEVERAGES";1057;0
"2015644";2015643;"2016-02-09";15;"BEVERAGES";893;0
"2017426";2017425;"2016-02-10";15;"BEVERAGES";1516;0
"2019208";2019207;"2016-02-11";15;"BEVERAGES";1359;15
"2020990";2020989;"2016-02-12";15;"BEVERAGES";1611;13
"2022772";2022771;"2016-02-13";15;"BEVERAGES";1625;12
"2024554";2024553;"2016-02-14";15;"BEVERAGES";1631;14
"2026336";2026335;"2016-02-15";15;"BEVERAGES";1727;19
"2028118";2028117;"2016-02-16";15;"BEVERAGES";1628;10
"2029900";2029899;"2016-02-17";15;"BEVERAGES";1527;12
"2031682";2031681;"2016-02-18";15;"BEVERAGES";1391;15
"2033464";2033463;"2016-02-19";15;"BEVERAGES";1521;10
"2035246";2035245;"2016-02-20";15;"BEVERAGES";1735;12
"2037028";2037027;"2016-02-21";15;"BEVERAGES";1435;17
"2038810";2038809;"2016-02-22";15;"BEVERAGES";2181;15
"2040592";2040591;"2016-02-23";15;"BEVERAGES";1860;15
"2042374";2042373;"2016-02-24";15;"BEVERAGES";1239;13
"2044156";2044155;"2016-02-25";15;"BEVERAGES";1410;6
"2045938";2045937;"2016-02-26";15;"BEVERAGES";1699;11
"2047720";2047719;"2016-02-27";15;"BEVERAGES";1609;14
"2049502";2049501;"2016-02-28";15;"BEVERAGES";1350;17
"2051284";2051283;"2016-02-29";15;"BEVERAGES";1758;16
"2053066";2053065;"2016-03-01";15;"BEVERAGES";2170;16
"2054848";2054847;"2016-03-02";15;"BEVERAGES";1515;11
"2056630";2056629;"2016-03-03";15;"BEVERAGES";1485;18
"2058412";2058411;"2016-03-04";15;"BEVERAGES";1384;13
"2060194";2060193;"2016-03-05";15;"BEVERAGES";1898;18
"2061976";2061975;"2016-03-06";15;"BEVERAGES";1863;19
"2063758";2063757;"2016-03-07";15;"BEVERAGES";2018;20
"2065540";2065539;"2016-03-08";15;"BEVERAGES";1616;19
"2067322";2067321;"2016-03-09";15;"BEVERAGES";1664;18
"2069104";2069103;"2016-03-10";15;"BEVERAGES";1463;13
"2070886";2070885;"2016-03-11";15;"BEVERAGES";1583;14
"2072668";2072667;"2016-03-12";15;"BEVERAGES";1611;14
"2074450";2074449;"2016-03-13";15;"BEVERAGES";1418;19
"2076232";2076231;"2016-03-14";15;"BEVERAGES";1735;11
"2078014";2078013;"2016-03-15";15;"BEVERAGES";1526;16
"2079796";2079795;"2016-03-16";15;"BEVERAGES";1483;16
"2081578";2081577;"2016-03-17";15;"BEVERAGES";1672;11
"2083360";2083359;"2016-03-18";15;"BEVERAGES";1411;12
"2085142";2085141;"2016-03-19";15;"BEVERAGES";1697;23
"2086924";2086923;"2016-03-20";15;"BEVERAGES";1526;15
"2088706";2088705;"2016-03-21";15;"BEVERAGES";2120;24
"2090488";2090487;"2016-03-22";15;"BEVERAGES";1536;14
"2092270";2092269;"2016-03-23";15;"BEVERAGES";1599;16
"2094052";2094051;"2016-03-24";15;"BEVERAGES";1769;0
"2095834";2095833;"2016-03-25";15;"BEVERAGES";1261;0
"2097616";2097615;"2016-03-26";15;"BEVERAGES";1557;0
"2099398";2099397;"2016-03-27";15;"BEVERAGES";1590;1
"2101180";2101179;"2016-03-28";15;"BEVERAGES";1578;0
"2102962";2102961;"2016-03-29";15;"BEVERAGES";1661;0
"2104744";2104743;"2016-03-30";15;"BEVERAGES";1485;0
"2106526";2106525;"2016-03-31";15;"BEVERAGES";1388;15
"2108308";2108307;"2016-04-01";15;"BEVERAGES";2117;20
"2110090";2110089;"2016-04-02";15;"BEVERAGES";1884;18
"2111872";2111871;"2016-04-03";15;"BEVERAGES";1871;24
"2113654";2113653;"2016-04-04";15;"BEVERAGES";1825;23
"2115436";2115435;"2016-04-05";15;"BEVERAGES";1744;19
"2117218";2117217;"2016-04-06";15;"BEVERAGES";2459;18
"2119000";2118999;"2016-04-07";15;"BEVERAGES";1489;0
"2120782";2120781;"2016-04-08";15;"BEVERAGES";1516;0
"2122564";2122563;"2016-04-09";15;"BEVERAGES";1406;1
"2124346";2124345;"2016-04-10";15;"BEVERAGES";1796;2
"2126128";2126127;"2016-04-11";15;"BEVERAGES";1584;1
"2127910";2127909;"2016-04-12";15;"BEVERAGES";1541;1
"2129692";2129691;"2016-04-13";15;"BEVERAGES";1540;2
"2131474";2131473;"2016-04-14";15;"BEVERAGES";1493;11
"2133256";2133255;"2016-04-15";15;"BEVERAGES";1477;12
"2135038";2135037;"2016-04-16";15;"BEVERAGES";1604;15
"2136820";2136819;"2016-04-17";15;"BEVERAGES";1847;21
"2138602";2138601;"2016-04-18";15;"BEVERAGES";2276;21
"2140384";2140383;"2016-04-19";15;"BEVERAGES";2859;20
"2142166";2142165;"2016-04-20";15;"BEVERAGES";1927;16
"2143948";2143947;"2016-04-21";15;"BEVERAGES";1498;15
"2145730";2145729;"2016-04-22";15;"BEVERAGES";1765;10
"2147512";2147511;"2016-04-23";15;"BEVERAGES";1788;14
"2149294";2149293;"2016-04-24";15;"BEVERAGES";1890;21
"2151076";2151075;"2016-04-25";15;"BEVERAGES";1675;19
"2152858";2152857;"2016-04-26";15;"BEVERAGES";1682;27
"2154640";2154639;"2016-04-27";15;"BEVERAGES";1412;17
"2156422";2156421;"2016-04-28";15;"BEVERAGES";1440;21
"2158204";2158203;"2016-04-29";15;"BEVERAGES";1420;19
"2159986";2159985;"2016-04-30";15;"BEVERAGES";1715;19
"2161768";2161767;"2016-05-01";15;"BEVERAGES";1981;28
"2163550";2163549;"2016-05-02";15;"BEVERAGES";2135;23
"2165332";2165331;"2016-05-03";15;"BEVERAGES";1686;22
"2167114";2167113;"2016-05-04";15;"BEVERAGES";1695;25
"2168896";2168895;"2016-05-05";15;"BEVERAGES";1513;25
"2170678";2170677;"2016-05-06";15;"BEVERAGES";1600;26
"2172460";2172459;"2016-05-07";15;"BEVERAGES";2213;26
"2174242";2174241;"2016-05-08";15;"BEVERAGES";1551;21
"2176024";2176023;"2016-05-09";15;"BEVERAGES";1624;21
"2177806";2177805;"2016-05-10";15;"BEVERAGES";1911;28
"2179588";2179587;"2016-05-11";15;"BEVERAGES";1558;26
"2181370";2181369;"2016-05-12";15;"BEVERAGES";1402;9
"2183152";2183151;"2016-05-13";15;"BEVERAGES";1393;9
"2184934";2184933;"2016-05-14";15;"BEVERAGES";1464;11
"2186716";2186715;"2016-05-15";15;"BEVERAGES";1803;20
"2188498";2188497;"2016-05-16";15;"BEVERAGES";1556;20
"2190280";2190279;"2016-05-17";15;"BEVERAGES";1484;11
"2192062";2192061;"2016-05-18";15;"BEVERAGES";1286;13
"2193844";2193843;"2016-05-19";15;"BEVERAGES";1335;13
"2195626";2195625;"2016-05-20";15;"BEVERAGES";1510;12
"2197408";2197407;"2016-05-21";15;"BEVERAGES";1600;11
"2199190";2199189;"2016-05-22";15;"BEVERAGES";1312;14
"2200972";2200971;"2016-05-23";15;"BEVERAGES";1420;10
"2202754";2202753;"2016-05-24";15;"BEVERAGES";1501;11
"2204536";2204535;"2016-05-25";15;"BEVERAGES";1055;12
"2206318";2206317;"2016-05-26";15;"BEVERAGES";1314;11
"2208100";2208099;"2016-05-27";15;"BEVERAGES";1303;8
"2209882";2209881;"2016-05-28";15;"BEVERAGES";1480;13
"2211664";2211663;"2016-05-29";15;"BEVERAGES";1493;9
"2213446";2213445;"2016-05-30";15;"BEVERAGES";1475;15
"2215228";2215227;"2016-05-31";15;"BEVERAGES";1720;13
"2217010";2217009;"2016-06-01";15;"BEVERAGES";1231;11
"2218792";2218791;"2016-06-02";15;"BEVERAGES";1370;9
"2220574";2220573;"2016-06-03";15;"BEVERAGES";1249;1
"2222356";2222355;"2016-06-04";15;"BEVERAGES";1367;5
"2224138";2224137;"2016-06-05";15;"BEVERAGES";1641;5
"2225920";2225919;"2016-06-06";15;"BEVERAGES";1244;5
"2227702";2227701;"2016-06-07";15;"BEVERAGES";1196;5
"2229484";2229483;"2016-06-08";15;"BEVERAGES";1175;6
"2231266";2231265;"2016-06-09";15;"BEVERAGES";1199;5
"2233048";2233047;"2016-06-10";15;"BEVERAGES";1166;7
"2234830";2234829;"2016-06-11";15;"BEVERAGES";1502;4
"2236612";2236611;"2016-06-12";15;"BEVERAGES";1530;6
"2238394";2238393;"2016-06-13";15;"BEVERAGES";1267;8
"2240176";2240175;"2016-06-14";15;"BEVERAGES";1326;7
"2241958";2241957;"2016-06-15";15;"BEVERAGES";1115;9
"2243740";2243739;"2016-06-16";15;"BEVERAGES";1185;3
"2245522";2245521;"2016-06-17";15;"BEVERAGES";1103;8
"2247304";2247303;"2016-06-18";15;"BEVERAGES";1406;3
"2249086";2249085;"2016-06-19";15;"BEVERAGES";1145;2
"2250868";2250867;"2016-06-20";15;"BEVERAGES";1715;5
"2252650";2252649;"2016-06-21";15;"BEVERAGES";1469;5
"2254432";2254431;"2016-06-22";15;"BEVERAGES";1394;2
"2256214";2256213;"2016-06-23";15;"BEVERAGES";1382;5
"2257996";2257995;"2016-06-24";15;"BEVERAGES";1273;6
"2259778";2259777;"2016-06-25";15;"BEVERAGES";1567;4
"2261560";2261559;"2016-06-26";15;"BEVERAGES";1469;5
"2263342";2263341;"2016-06-27";15;"BEVERAGES";1355;6
"2265124";2265123;"2016-06-28";15;"BEVERAGES";1111;5
"2266906";2266905;"2016-06-29";15;"BEVERAGES";1199;6
"2268688";2268687;"2016-06-30";15;"BEVERAGES";1064;3
"2270470";2270469;"2016-07-01";15;"BEVERAGES";1394;6
"2272252";2272251;"2016-07-02";15;"BEVERAGES";1571;5
"2274034";2274033;"2016-07-03";15;"BEVERAGES";1222;3
"2275816";2275815;"2016-07-04";15;"BEVERAGES";1444;7
"2277598";2277597;"2016-07-05";15;"BEVERAGES";1514;5
"2279380";2279379;"2016-07-06";15;"BEVERAGES";1528;6
"2281162";2281161;"2016-07-07";15;"BEVERAGES";1671;5
"2282944";2282943;"2016-07-08";15;"BEVERAGES";1235;6
"2284726";2284725;"2016-07-09";15;"BEVERAGES";1387;3
"2286508";2286507;"2016-07-10";15;"BEVERAGES";1530;6
"2288290";2288289;"2016-07-11";15;"BEVERAGES";1368;4
"2290072";2290071;"2016-07-12";15;"BEVERAGES";1135;4
"2291854";2291853;"2016-07-13";15;"BEVERAGES";1288;8
"2293636";2293635;"2016-07-14";15;"BEVERAGES";1045;5
"2295418";2295417;"2016-07-15";15;"BEVERAGES";1211;8
"2297200";2297199;"2016-07-16";15;"BEVERAGES";1389;10
"2298982";2298981;"2016-07-17";15;"BEVERAGES";1234;7
"2300764";2300763;"2016-07-18";15;"BEVERAGES";1375;7
"2302546";2302545;"2016-07-19";15;"BEVERAGES";1297;7
"2304328";2304327;"2016-07-20";15;"BEVERAGES";1346;7
"2306110";2306109;"2016-07-21";15;"BEVERAGES";1438;6
"2307892";2307891;"2016-07-22";15;"BEVERAGES";1420;8
"2309674";2309673;"2016-07-23";15;"BEVERAGES";1589;7
"2311456";2311455;"2016-07-24";15;"BEVERAGES";1108;6
"2313238";2313237;"2016-07-25";15;"BEVERAGES";1545;6
"2315020";2315019;"2016-07-26";15;"BEVERAGES";1274;5
"2316802";2316801;"2016-07-27";15;"BEVERAGES";1042;7
"2318584";2318583;"2016-07-28";15;"BEVERAGES";862;11
"2320366";2320365;"2016-07-29";15;"BEVERAGES";1279;8
"2322148";2322147;"2016-07-30";15;"BEVERAGES";1462;9
"2323930";2323929;"2016-07-31";15;"BEVERAGES";1245;9
"2325712";2325711;"2016-08-01";15;"BEVERAGES";1553;12
"2327494";2327493;"2016-08-02";15;"BEVERAGES";1509;8
"2329276";2329275;"2016-08-03";15;"BEVERAGES";1531;13
"2331058";2331057;"2016-08-04";15;"BEVERAGES";1374;21
"2332840";2332839;"2016-08-05";15;"BEVERAGES";1509;20
"2334622";2334621;"2016-08-06";15;"BEVERAGES";1550;20
"2336404";2336403;"2016-08-07";15;"BEVERAGES";1541;26
"2338186";2338185;"2016-08-08";15;"BEVERAGES";2474;25
"2339968";2339967;"2016-08-09";15;"BEVERAGES";1704;26
"2341750";2341749;"2016-08-10";15;"BEVERAGES";1588;23
"2343532";2343531;"2016-08-11";15;"BEVERAGES";1440;22
"2345314";2345313;"2016-08-12";15;"BEVERAGES";1548;24
"2347096";2347095;"2016-08-13";15;"BEVERAGES";1348;20
"2348878";2348877;"2016-08-14";15;"BEVERAGES";1229;18
"2350660";2350659;"2016-08-15";15;"BEVERAGES";1526;26
"2352442";2352441;"2016-08-16";15;"BEVERAGES";1799;27
"2354224";2354223;"2016-08-17";15;"BEVERAGES";1415;22
"2356006";2356005;"2016-08-18";15;"BEVERAGES";2451;24
"2357788";2357787;"2016-08-19";15;"BEVERAGES";1751;21
"2359570";2359569;"2016-08-20";15;"BEVERAGES";1470;23
"2361352";2361351;"2016-08-21";15;"BEVERAGES";1403;21
"2363134";2363133;"2016-08-22";15;"BEVERAGES";1780;24
"2364916";2364915;"2016-08-23";15;"BEVERAGES";1541;20
"2366698";2366697;"2016-08-24";15;"BEVERAGES";2081;23
"2368480";2368479;"2016-08-25";15;"BEVERAGES";1751;24
"2370262";2370261;"2016-08-26";15;"BEVERAGES";1979;32
"2372044";2372043;"2016-08-27";15;"BEVERAGES";1461;23
"2373826";2373825;"2016-08-28";15;"BEVERAGES";1490;24
"2375608";2375607;"2016-08-29";15;"BEVERAGES";1529;19
"2377390";2377389;"2016-08-30";15;"BEVERAGES";1642;19
"2379172";2379171;"2016-08-31";15;"BEVERAGES";1284;18
"2380954";2380953;"2016-09-01";15;"BEVERAGES";1504;20
"2382736";2382735;"2016-09-02";15;"BEVERAGES";2469;17
"2384518";2384517;"2016-09-03";15;"BEVERAGES";2094;22
"2386300";2386299;"2016-09-04";15;"BEVERAGES";2268;23
"2388082";2388081;"2016-09-05";15;"BEVERAGES";2872;19
"2389864";2389863;"2016-09-06";15;"BEVERAGES";2104;18
"2391646";2391645;"2016-09-07";15;"BEVERAGES";2870;19
"2393428";2393427;"2016-09-08";15;"BEVERAGES";1324;15
"2395210";2395209;"2016-09-09";15;"BEVERAGES";1586;14
"2396992";2396991;"2016-09-10";15;"BEVERAGES";1714;16
"2398774";2398773;"2016-09-11";15;"BEVERAGES";1997;10
"2400556";2400555;"2016-09-12";15;"BEVERAGES";1810;8
"2402338";2402337;"2016-09-13";15;"BEVERAGES";1435;10
"2404120";2404119;"2016-09-14";15;"BEVERAGES";1663;7
"2405902";2405901;"2016-09-15";15;"BEVERAGES";1326;7
"2407684";2407683;"2016-09-16";15;"BEVERAGES";1414;10
"2409466";2409465;"2016-09-17";15;"BEVERAGES";1489;10
"2411248";2411247;"2016-09-18";15;"BEVERAGES";1711;15
"2413030";2413029;"2016-09-19";15;"BEVERAGES";1677;10
"2414812";2414811;"2016-09-20";15;"BEVERAGES";1662;9
"2416594";2416593;"2016-09-21";15;"BEVERAGES";1669;10
"2418376";2418375;"2016-09-22";15;"BEVERAGES";1380;11
"2420158";2420157;"2016-09-23";15;"BEVERAGES";1300;10
"2421940";2421939;"2016-09-24";15;"BEVERAGES";1693;12
"2423722";2423721;"2016-09-25";15;"BEVERAGES";1427;10
"2425504";2425503;"2016-09-26";15;"BEVERAGES";1826;9
"2427286";2427285;"2016-09-27";15;"BEVERAGES";1245;7
"2429068";2429067;"2016-09-28";15;"BEVERAGES";1072;6
"2430850";2430849;"2016-09-29";15;"BEVERAGES";1249;6
"2432632";2432631;"2016-09-30";15;"BEVERAGES";1089;7
"2434414";2434413;"2016-10-01";15;"BEVERAGES";2099;5
"2436196";2436195;"2016-10-02";15;"BEVERAGES";2027;7
"2437978";2437977;"2016-10-03";15;"BEVERAGES";1977;6
"2439760";2439759;"2016-10-04";15;"BEVERAGES";1944;5
"2441542";2441541;"2016-10-05";15;"BEVERAGES";1611;8
"2443324";2443323;"2016-10-06";15;"BEVERAGES";1570;11
"2445106";2445105;"2016-10-07";15;"BEVERAGES";1694;8
"2446888";2446887;"2016-10-08";15;"BEVERAGES";1574;11
"2448670";2448669;"2016-10-09";15;"BEVERAGES";1774;10
"2450452";2450451;"2016-10-10";15;"BEVERAGES";1751;10
"2452234";2452233;"2016-10-11";15;"BEVERAGES";1396;10
"2454016";2454015;"2016-10-12";15;"BEVERAGES";1683;8
"2455798";2455797;"2016-10-13";15;"BEVERAGES";1169;7
"2457580";2457579;"2016-10-14";15;"BEVERAGES";1392;8
"2459362";2459361;"2016-10-15";15;"BEVERAGES";1612;8
"2461144";2461143;"2016-10-16";15;"BEVERAGES";1677;8
"2462926";2462925;"2016-10-17";15;"BEVERAGES";1704;4
"2464708";2464707;"2016-10-18";15;"BEVERAGES";1443;7
"2466490";2466489;"2016-10-19";15;"BEVERAGES";1542;7
"2468272";2468271;"2016-10-20";15;"BEVERAGES";1590;10
"2470054";2470053;"2016-10-21";15;"BEVERAGES";1785;16
"2471836";2471835;"2016-10-22";15;"BEVERAGES";1465;20
"2473618";2473617;"2016-10-23";15;"BEVERAGES";1523;18
"2475400";2475399;"2016-10-24";15;"BEVERAGES";1801;17
"2477182";2477181;"2016-10-25";15;"BEVERAGES";1485;17
"2478964";2478963;"2016-10-26";15;"BEVERAGES";1555;40
"2480746";2480745;"2016-10-27";15;"BEVERAGES";1884;38
"2482528";2482527;"2016-10-28";15;"BEVERAGES";1184;35
"2484310";2484309;"2016-10-29";15;"BEVERAGES";1443;46
"2486092";2486091;"2016-10-30";15;"BEVERAGES";1448;41
"2487874";2487873;"2016-10-31";15;"BEVERAGES";1471;40
"2489656";2489655;"2016-11-01";15;"BEVERAGES";1822;44
"2491438";2491437;"2016-11-02";15;"BEVERAGES";1383;46
"2493220";2493219;"2016-11-03";15;"BEVERAGES";1195;45
"2495002";2495001;"2016-11-04";15;"BEVERAGES";1627;49
"2496784";2496783;"2016-11-05";15;"BEVERAGES";1745;48
"2498566";2498565;"2016-11-06";15;"BEVERAGES";1825;45
"2500348";2500347;"2016-11-07";15;"BEVERAGES";2037;38
"2502130";2502129;"2016-11-08";15;"BEVERAGES";1816;45
"2503912";2503911;"2016-11-09";15;"BEVERAGES";1333;45
"2505694";2505693;"2016-11-10";15;"BEVERAGES";1189;33
"2507476";2507475;"2016-11-11";15;"BEVERAGES";1519;39
"2509258";2509257;"2016-11-12";15;"BEVERAGES";1464;37
"2511040";2511039;"2016-11-13";15;"BEVERAGES";1801;41
"2512822";2512821;"2016-11-14";15;"BEVERAGES";2274;38
"2514604";2514603;"2016-11-15";15;"BEVERAGES";1805;42
"2516386";2516385;"2016-11-16";15;"BEVERAGES";1549;44
"2518168";2518167;"2016-11-17";15;"BEVERAGES";1740;35
"2519950";2519949;"2016-11-18";15;"BEVERAGES";1404;34
"2521732";2521731;"2016-11-19";15;"BEVERAGES";1632;41
"2523514";2523513;"2016-11-20";15;"BEVERAGES";1543;47
"2525296";2525295;"2016-11-21";15;"BEVERAGES";1930;42
"2527078";2527077;"2016-11-22";15;"BEVERAGES";2021;46
"2528860";2528859;"2016-11-23";15;"BEVERAGES";1797;47
"2530642";2530641;"2016-11-24";15;"BEVERAGES";1346;49
"2532424";2532423;"2016-11-25";15;"BEVERAGES";1503;44
"2534206";2534205;"2016-11-26";15;"BEVERAGES";1765;47
"2535988";2535987;"2016-11-27";15;"BEVERAGES";1869;48
"2537770";2537769;"2016-11-28";15;"BEVERAGES";2707;48
"2539552";2539551;"2016-11-29";15;"BEVERAGES";1560;35
"2541334";2541333;"2016-11-30";15;"BEVERAGES";1474;43
"2543116";2543115;"2016-12-01";15;"BEVERAGES";1657;45
"2544898";2544897;"2016-12-02";15;"BEVERAGES";1394;51
"2546680";2546679;"2016-12-03";15;"BEVERAGES";1987;59
"2548462";2548461;"2016-12-04";15;"BEVERAGES";2160;56
"2550244";2550243;"2016-12-05";15;"BEVERAGES";1922;49
"2552026";2552025;"2016-12-06";15;"BEVERAGES";1911;56
"2553808";2553807;"2016-12-07";15;"BEVERAGES";1683;56
"2555590";2555589;"2016-12-08";15;"BEVERAGES";1526;46
"2557372";2557371;"2016-12-09";15;"BEVERAGES";1705;50
"2559154";2559153;"2016-12-10";15;"BEVERAGES";1949;46
"2560936";2560935;"2016-12-11";15;"BEVERAGES";1840;54
"2562718";2562717;"2016-12-12";15;"BEVERAGES";1874;47
"2564500";2564499;"2016-12-13";15;"BEVERAGES";1424;48
"2566282";2566281;"2016-12-14";15;"BEVERAGES";1575;43
"2568064";2568063;"2016-12-15";15;"BEVERAGES";1929;49
"2569846";2569845;"2016-12-16";15;"BEVERAGES";1671;43
"2571628";2571627;"2016-12-17";15;"BEVERAGES";1690;50
"2573410";2573409;"2016-12-18";15;"BEVERAGES";1670;50
"2575192";2575191;"2016-12-19";15;"BEVERAGES";2052;51
"2576974";2576973;"2016-12-20";15;"BEVERAGES";1891;48
"2578756";2578755;"2016-12-21";15;"BEVERAGES";1706;48
"2580538";2580537;"2016-12-22";15;"BEVERAGES";2070;45
"2582320";2582319;"2016-12-23";15;"BEVERAGES";1844;41
"2584102";2584101;"2016-12-24";15;"BEVERAGES";1841;39
"2585884";2585883;"2016-12-26";15;"BEVERAGES";1547;45
"2587666";2587665;"2016-12-27";15;"BEVERAGES";1674;43
"2589448";2589447;"2016-12-28";15;"BEVERAGES";1711;51
"2591230";2591229;"2016-12-29";15;"BEVERAGES";1628;46
"2593012";2593011;"2016-12-30";15;"BEVERAGES";1909;49
"2594794";2594793;"2016-12-31";15;"BEVERAGES";1751;49
"2596576";2596575;"2017-01-01";15;"BEVERAGES";0;0
"2598358";2598357;"2017-01-02";15;"BEVERAGES";2350;37
"2600140";2600139;"2017-01-03";15;"BEVERAGES";2328;36
"2601922";2601921;"2017-01-04";15;"BEVERAGES";2067;51
"2603704";2603703;"2017-01-05";15;"BEVERAGES";1836;35
"2605486";2605485;"2017-01-06";15;"BEVERAGES";1473;34
"2607268";2607267;"2017-01-07";15;"BEVERAGES";2033;36
"2609050";2609049;"2017-01-08";15;"BEVERAGES";2009;33
"2610832";2610831;"2017-01-09";15;"BEVERAGES";2594;28
"2612614";2612613;"2017-01-10";15;"BEVERAGES";1696;26
"2614396";2614395;"2017-01-11";15;"BEVERAGES";1586;28
"2616178";2616177;"2017-01-12";15;"BEVERAGES";1701;31
"2617960";2617959;"2017-01-13";15;"BEVERAGES";1319;35
"2619742";2619741;"2017-01-14";15;"BEVERAGES";1800;41
"2621524";2621523;"2017-01-15";15;"BEVERAGES";1684;33
"2623306";2623305;"2017-01-16";15;"BEVERAGES";1904;37
"2625088";2625087;"2017-01-17";15;"BEVERAGES";1726;39
"2626870";2626869;"2017-01-18";15;"BEVERAGES";1682;39
"2628652";2628651;"2017-01-19";15;"BEVERAGES";1666;31
"2630434";2630433;"2017-01-20";15;"BEVERAGES";1603;34
"2632216";2632215;"2017-01-21";15;"BEVERAGES";1797;36
"2633998";2633997;"2017-01-22";15;"BEVERAGES";2199;36
"2635780";2635779;"2017-01-23";15;"BEVERAGES";2087;34
"2637562";2637561;"2017-01-24";15;"BEVERAGES";1556;38
"2639344";2639343;"2017-01-25";15;"BEVERAGES";1809;34
"2641126";2641125;"2017-01-26";15;"BEVERAGES";1468;29
"2642908";2642907;"2017-01-27";15;"BEVERAGES";1537;27
"2644690";2644689;"2017-01-28";15;"BEVERAGES";1848;27
"2646472";2646471;"2017-01-29";15;"BEVERAGES";1687;28
"2648254";2648253;"2017-01-30";15;"BEVERAGES";2063;0
"2650036";2650035;"2017-01-31";15;"BEVERAGES";2010;30
"2651818";2651817;"2017-02-01";15;"BEVERAGES";1835;22
"2653600";2653599;"2017-02-02";15;"BEVERAGES";1720;22
"2655382";2655381;"2017-02-03";15;"BEVERAGES";1815;20
"2657164";2657163;"2017-02-04";15;"BEVERAGES";1996;19
"2658946";2658945;"2017-02-05";15;"BEVERAGES";1848;21
"2660728";2660727;"2017-02-06";15;"BEVERAGES";1944;21
"2662510";2662509;"2017-02-07";15;"BEVERAGES";1845;0
"2664292";2664291;"2017-02-08";15;"BEVERAGES";1805;21
"2666074";2666073;"2017-02-09";15;"BEVERAGES";1568;9
"2667856";2667855;"2017-02-10";15;"BEVERAGES";1453;11
"2669638";2669637;"2017-02-11";15;"BEVERAGES";1948;12
"2671420";2671419;"2017-02-12";15;"BEVERAGES";1456;12
"2673202";2673201;"2017-02-13";15;"BEVERAGES";1849;9
"2674984";2674983;"2017-02-14";15;"BEVERAGES";1478;9
"2676766";2676765;"2017-02-15";15;"BEVERAGES";1647;13
"2678548";2678547;"2017-02-16";15;"BEVERAGES";1438;12
"2680330";2680329;"2017-02-17";15;"BEVERAGES";1366;13
"2682112";2682111;"2017-02-18";15;"BEVERAGES";1924;15
"2683894";2683893;"2017-02-19";15;"BEVERAGES";1677;16
"2685676";2685675;"2017-02-20";15;"BEVERAGES";2016;14
"2687458";2687457;"2017-02-21";15;"BEVERAGES";1882;16
"2689240";2689239;"2017-02-22";15;"BEVERAGES";1480;14
"2691022";2691021;"2017-02-23";15;"BEVERAGES";1893;13
"2692804";2692803;"2017-02-24";15;"BEVERAGES";1362;13
"2694586";2694585;"2017-02-25";15;"BEVERAGES";1749;14
"2696368";2696367;"2017-02-26";15;"BEVERAGES";1218;14
"2698150";2698149;"2017-02-27";15;"BEVERAGES";1438;15
"2699932";2699931;"2017-02-28";15;"BEVERAGES";1514;16
"2701714";2701713;"2017-03-01";15;"BEVERAGES";2307;22
"2703496";2703495;"2017-03-02";15;"BEVERAGES";1759;23
"2705278";2705277;"2017-03-03";15;"BEVERAGES";1831;20
"2707060";2707059;"2017-03-04";15;"BEVERAGES";2281;23
"2708842";2708841;"2017-03-05";15;"BEVERAGES";2040;24
"2710624";2710623;"2017-03-06";15;"BEVERAGES";2578;19
"2712406";2712405;"2017-03-07";15;"BEVERAGES";1826;18
"2714188";2714187;"2017-03-08";15;"BEVERAGES";1729;14
"2715970";2715969;"2017-03-09";15;"BEVERAGES";1665;16
"2717752";2717751;"2017-03-10";15;"BEVERAGES";1580;17
"2719534";2719533;"2017-03-11";15;"BEVERAGES";1891;15
"2721316";2721315;"2017-03-12";15;"BEVERAGES";1593;14
"2723098";2723097;"2017-03-13";15;"BEVERAGES";1491;14
"2724880";2724879;"2017-03-14";15;"BEVERAGES";1934;11
"2726662";2726661;"2017-03-15";15;"BEVERAGES";1893;14
"2728444";2728443;"2017-03-16";15;"BEVERAGES";1463;14
"2730226";2730225;"2017-03-17";15;"BEVERAGES";1677;13
"2732008";2732007;"2017-03-18";15;"BEVERAGES";1632;15
"2733790";2733789;"2017-03-19";15;"BEVERAGES";1898;14
"2735572";2735571;"2017-03-20";15;"BEVERAGES";1959;17
"2737354";2737353;"2017-03-21";15;"BEVERAGES";1841;19
"2739136";2739135;"2017-03-22";15;"BEVERAGES";2147;15
"2740918";2740917;"2017-03-23";15;"BEVERAGES";1618;9
"2742700";2742699;"2017-03-24";15;"BEVERAGES";1330;16
"2744482";2744481;"2017-03-25";15;"BEVERAGES";1527;19
"2746264";2746263;"2017-03-26";15;"BEVERAGES";1991;15
"2748046";2748045;"2017-03-27";15;"BEVERAGES";1858;18
"2749828";2749827;"2017-03-28";15;"BEVERAGES";1462;17
"2751610";2751609;"2017-03-29";15;"BEVERAGES";1789;21
"2753392";2753391;"2017-03-30";15;"BEVERAGES";1708;18
"2755174";2755173;"2017-03-31";15;"BEVERAGES";1634;19
"2756956";2756955;"2017-04-01";15;"BEVERAGES";2500;22
"2758738";2758737;"2017-04-02";15;"BEVERAGES";2658;22
"2760520";2760519;"2017-04-03";15;"BEVERAGES";2326;21
"2762302";2762301;"2017-04-04";15;"BEVERAGES";2134;20
"2764084";2764083;"2017-04-05";15;"BEVERAGES";2091;20
"2765866";2765865;"2017-04-06";15;"BEVERAGES";1722;19
"2767648";2767647;"2017-04-07";15;"BEVERAGES";1698;15
"2769430";2769429;"2017-04-08";15;"BEVERAGES";1761;18
"2771212";2771211;"2017-04-09";15;"BEVERAGES";1614;16
"2772994";2772993;"2017-04-10";15;"BEVERAGES";1802;20
"2774776";2774775;"2017-04-11";15;"BEVERAGES";1874;19
"2776558";2776557;"2017-04-12";15;"BEVERAGES";1703;29
"2778340";2778339;"2017-04-13";15;"BEVERAGES";2044;29
"2780122";2780121;"2017-04-14";15;"BEVERAGES";1662;33
"2781904";2781903;"2017-04-15";15;"BEVERAGES";2011;33
"2783686";2783685;"2017-04-16";15;"BEVERAGES";1723;39
"2785468";2785467;"2017-04-17";15;"BEVERAGES";2104;39
"2787250";2787249;"2017-04-18";15;"BEVERAGES";1716;35
"2789032";2789031;"2017-04-19";15;"BEVERAGES";1700;34
"2790814";2790813;"2017-04-20";15;"BEVERAGES";1900;32
"2792596";2792595;"2017-04-21";15;"BEVERAGES";1663;32
"2794378";2794377;"2017-04-22";15;"BEVERAGES";1827;34
"2796160";2796159;"2017-04-23";15;"BEVERAGES";2154;32
"2797942";2797941;"2017-04-24";15;"BEVERAGES";2218;34
"2799724";2799723;"2017-04-25";15;"BEVERAGES";1891;36
"2801506";2801505;"2017-04-26";15;"BEVERAGES";1763;37
"2803288";2803287;"2017-04-27";15;"BEVERAGES";1656;33
"2805070";2805069;"2017-04-28";15;"BEVERAGES";1692;31
"2806852";2806851;"2017-04-29";15;"BEVERAGES";1948;35
"2808634";2808633;"2017-04-30";15;"BEVERAGES";1950;31
"2810416";2810415;"2017-05-01";15;"BEVERAGES";2275;31
"2812198";2812197;"2017-05-02";15;"BEVERAGES";2319;29
"2813980";2813979;"2017-05-03";15;"BEVERAGES";2125;27
"2815762";2815761;"2017-05-04";15;"BEVERAGES";1537;14
"2817544";2817543;"2017-05-05";15;"BEVERAGES";1735;15
"2819326";2819325;"2017-05-06";15;"BEVERAGES";1760;15
"2821108";2821107;"2017-05-07";15;"BEVERAGES";1729;17
"2822890";2822889;"2017-05-08";15;"BEVERAGES";1817;20
"2824672";2824671;"2017-05-09";15;"BEVERAGES";1645;15
"2826454";2826453;"2017-05-10";15;"BEVERAGES";1653;28
"2828236";2828235;"2017-05-11";15;"BEVERAGES";1604;30
"2830018";2830017;"2017-05-12";15;"BEVERAGES";1402;28
"2831800";2831799;"2017-05-13";15;"BEVERAGES";1448;28
"2833582";2833581;"2017-05-14";15;"BEVERAGES";1335;28
"2835364";2835363;"2017-05-15";15;"BEVERAGES";1746;26
"2837146";2837145;"2017-05-16";15;"BEVERAGES";1659;24
"2838928";2838927;"2017-05-17";15;"BEVERAGES";1592;21
"2840710";2840709;"2017-05-18";15;"BEVERAGES";1298;25
"2842492";2842491;"2017-05-19";15;"BEVERAGES";1601;26
"2844274";2844273;"2017-05-20";15;"BEVERAGES";1772;26
"2846056";2846055;"2017-05-21";15;"BEVERAGES";1646;23
"2847838";2847837;"2017-05-22";15;"BEVERAGES";2063;24
"2849620";2849619;"2017-05-23";15;"BEVERAGES";1950;22
"2851402";2851401;"2017-05-24";15;"BEVERAGES";1725;24
"2853184";2853183;"2017-05-25";15;"BEVERAGES";1471;18
"2854966";2854965;"2017-05-26";15;"BEVERAGES";1604;21
"2856748";2856747;"2017-05-27";15;"BEVERAGES";1655;25
"2858530";2858529;"2017-05-28";15;"BEVERAGES";1469;27
"2860312";2860311;"2017-05-29";15;"BEVERAGES";1853;24
"2862094";2862093;"2017-05-30";15;"BEVERAGES";1838;27
"2863876";2863875;"2017-05-31";15;"BEVERAGES";1727;23
"2865658";2865657;"2017-06-01";15;"BEVERAGES";1613;7
"2867440";2867439;"2017-06-02";15;"BEVERAGES";2027;20
"2869222";2869221;"2017-06-03";15;"BEVERAGES";2077;23
"2871004";2871003;"2017-06-04";15;"BEVERAGES";2558;23
"2872786";2872785;"2017-06-05";15;"BEVERAGES";2281;20
"2874568";2874567;"2017-06-06";15;"BEVERAGES";2603;20
"2876350";2876349;"2017-06-07";15;"BEVERAGES";1799;19
"2878132";2878131;"2017-06-08";15;"BEVERAGES";1687;18
"2879914";2879913;"2017-06-09";15;"BEVERAGES";1403;21
"2881696";2881695;"2017-06-10";15;"BEVERAGES";2294;20
"2883478";2883477;"2017-06-11";15;"BEVERAGES";2141;20
"2885260";2885259;"2017-06-12";15;"BEVERAGES";1813;20
"2887042";2887041;"2017-06-13";15;"BEVERAGES";1620;19
"2888824";2888823;"2017-06-14";15;"BEVERAGES";1728;25
"2890606";2890605;"2017-06-15";15;"BEVERAGES";1501;9
"2892388";2892387;"2017-06-16";15;"BEVERAGES";1373;11
"2894170";2894169;"2017-06-17";15;"BEVERAGES";2134;12
"2895952";2895951;"2017-06-18";15;"BEVERAGES";1530;8
"2897734";2897733;"2017-06-19";15;"BEVERAGES";1775;12
"2899516";2899515;"2017-06-20";15;"BEVERAGES";1916;12
"2901298";2901297;"2017-06-21";15;"BEVERAGES";1315;21
"2903080";2903079;"2017-06-22";15;"BEVERAGES";1697;24
"2904862";2904861;"2017-06-23";15;"BEVERAGES";1255;21
"2906644";2906643;"2017-06-24";15;"BEVERAGES";1653;26
"2908426";2908425;"2017-06-25";15;"BEVERAGES";1547;25
"2910208";2910207;"2017-06-26";15;"BEVERAGES";1498;25
"2911990";2911989;"2017-06-27";15;"BEVERAGES";1292;17
"2913772";2913771;"2017-06-28";15;"BEVERAGES";1504;23
"2915554";2915553;"2017-06-29";15;"BEVERAGES";1458;27
"2917336";2917335;"2017-06-30";15;"BEVERAGES";1355;25
"2919118";2919117;"2017-07-01";15;"BEVERAGES";1809;29
"2920900";2920899;"2017-07-02";15;"BEVERAGES";1558;28
"2922682";2922681;"2017-07-03";15;"BEVERAGES";1987;32
"2924464";2924463;"2017-07-04";15;"BEVERAGES";1752;30
"2926246";2926245;"2017-07-05";15;"BEVERAGES";1594;34
"2928028";2928027;"2017-07-06";15;"BEVERAGES";2039;35
"2929810";2929809;"2017-07-07";15;"BEVERAGES";1814;38
"2931592";2931591;"2017-07-08";15;"BEVERAGES";1718;40
"2933374";2933373;"2017-07-09";15;"BEVERAGES";1740;43
"2935156";2935155;"2017-07-10";15;"BEVERAGES";1941;35
"2936938";2936937;"2017-07-11";15;"BEVERAGES";1700;39
"2938720";2938719;"2017-07-12";15;"BEVERAGES";1360;39
"2940502";2940501;"2017-07-13";15;"BEVERAGES";2061;29
"2942284";2942283;"2017-07-14";15;"BEVERAGES";1649;30
"2944066";2944065;"2017-07-15";15;"BEVERAGES";1907;35
"2945848";2945847;"2017-07-16";15;"BEVERAGES";1609;30
"2947630";2947629;"2017-07-17";15;"BEVERAGES";1625;32
"2949412";2949411;"2017-07-18";15;"BEVERAGES";1597;30
"2951194";2951193;"2017-07-19";15;"BEVERAGES";1602;27
"2952976";2952975;"2017-07-20";15;"BEVERAGES";1739;25
"2954758";2954757;"2017-07-21";15;"BEVERAGES";1727;28
"2956540";2956539;"2017-07-22";15;"BEVERAGES";1712;17
"2958322";2958321;"2017-07-23";15;"BEVERAGES";1303;15
"2960104";2960103;"2017-07-24";15;"BEVERAGES";1809;21
"2961886";2961885;"2017-07-25";15;"BEVERAGES";1596;21
"2963668";2963667;"2017-07-26";15;"BEVERAGES";1237;18
"2965450";2965449;"2017-07-27";15;"BEVERAGES";1428;24
"2967232";2967231;"2017-07-28";15;"BEVERAGES";1866;36
"2969014";2969013;"2017-07-29";15;"BEVERAGES";1702;37
"2970796";2970795;"2017-07-30";15;"BEVERAGES";1236;30
"2972578";2972577;"2017-07-31";15;"BEVERAGES";1787;28
"2974360";2974359;"2017-08-01";15;"BEVERAGES";2057;26
"2976142";2976141;"2017-08-02";15;"BEVERAGES";2132;36
"2977924";2977923;"2017-08-03";15;"BEVERAGES";1993;28
"2979706";2979705;"2017-08-04";15;"BEVERAGES";1743;33
"2981488";2981487;"2017-08-05";15;"BEVERAGES";2060;32
"2983270";2983269;"2017-08-06";15;"BEVERAGES";1698;33
"2985052";2985051;"2017-08-07";15;"BEVERAGES";1991;27
"2986834";2986833;"2017-08-08";15;"BEVERAGES";1767;27
"2988616";2988615;"2017-08-09";15;"BEVERAGES";1469;29
"2990398";2990397;"2017-08-10";15;"BEVERAGES";1466;27
"2992180";2992179;"2017-08-11";15;"BEVERAGES";1378;28
"2993962";2993961;"2017-08-12";15;"BEVERAGES";1418;27
"2995744";2995743;"2017-08-13";15;"BEVERAGES";1367;33
"2997526";2997525;"2017-08-14";15;"BEVERAGES";1814;24
"2999308";2999307;"2017-08-15";15;"BEVERAGES";1825;27
